10083,23/07/1959,Vishv,Zockler,M,31/03/1987
11081,20/06/1952,Barry,Boyle,M,17/06/1985
11610,17/07/1962,Eirik,Sidhu,M,18/10/1985
10864,07/01/1958,Elliott,Spieker,F,04/09/1985
11080,27/12/1956,Sanjai,Puppe,M,04/07/1988
11978,24/08/1964,Aran,Khalid,F,10/08/1989
10225,13/02/1957,Kellie,Chinen,F,19/06/1986
11114,08/09/1955,Tse,Felcyn,M,14/10/1989
10523,16/05/1956,Malu,Skafidas,M,28/12/1988
11758,27/01/1958,Jinpo,Gerlach,M,03/10/1993
10380,25/05/1956,Alejandro,Kamble,F,19/03/1985
10087,23/07/1959,Xinglin,Eugenio,F,08/09/1986
10779,09/07/1961,Mori,Yavatkar,F,11/01/1988
11990,24/11/1964,Chanjung,Matheson,M,05/09/1988
11520,01/01/1958,Pranas,Jervis,F,20/11/1991
10460,19/02/1963,Shushma,VanScheik,M,01/07/1994
11296,24/12/1954,Hironobu,Kenevan,M,26/09/1989
10623,11/07/1953,Aleksander,Danlos,F,07/03/1987
10164,19/01/1956,Jagoda,Braunmuhl,M,12/11/1985
10746,29/12/1958,Kolar,Usery,F,31/08/1990
10888,15/03/1959,Kwangho,Dredge,F,28/06/1987
10167,23/05/1958,Duangkaew,Rassart,M,04/04/1992
10120,26/03/1960,Armond,Fairtlough,F,06/07/1996
11390,22/03/1962,Masali,Ambroszkiewicz,M,19/12/1990
11055,10/08/1956,Shaleah,Neiman,M,25/05/1995
11113,28/04/1953,Shahab,Peng,F,30/11/1985
10466,25/12/1954,Jiakeng,Himler,M,29/09/1985
11698,10/04/1959,Arun,Azevdeo,M,28/06/1991
11224,12/11/1959,Hugo,Mitzlaff,F,01/05/1988
10927,13/03/1953,Gal,Scallan,M,26/10/1985
10963,15/04/1957,Hatsukazu,Swist,M,14/01/1988
11886,26/12/1957,Snehasis,Veevers,M,02/10/1994
11588,20/07/1952,Kaijung,Panangaden,X,13/10/1986
11755,16/08/1954,Zhenbing,Karner,F,05/12/1990
10472,20/08/1959,Salvador,Lodder,M,29/07/1996
11653,06/05/1963,Mohammed,Ananiadou,F,26/02/1993
11514,17/08/1963,Georgy,Iwayama,M,30/07/1988
10540,24/02/1961,Martins,Barriga,M,03/05/1994
11129,17/08/1964,Goncalo,Pulkowski,M,26/10/1993
11225,25/04/1963,Maria,Schicker,M,11/09/1990
11529,03/04/1962,Heejo,Langford,M,04/03/1988
10084,25/05/1960,Tuval,Kalloufi,M,15/12/1995
10483,13/03/1957,Zhiwei,Anick,M,08/11/1992
11159,28/05/1960,Becky,Schlenzig,F,31/08/1986
11598,07/06/1964,Sariel,Ertl,M,02/04/1994
11716,24/01/1962,Anneli,Leijenhorst,F,17/04/1986
11175,30/06/1963,Aksel,Rajaraman,M,15/03/1991
11721,22/02/1961,Xuejun,Heydon,F,30/11/1990
10213,24/05/1964,Jackson,Kakkad,M,06/11/1992
11047,11/03/1959,Heping,Gluchowski,F,19/07/1995
10230,11/09/1955,Clyde,Vernadat,M,16/06/1996
10904,28/08/1959,Debatosh,Colorni,F,16/04/1993
10082,09/09/1963,Parviz,Lortz,M,03/01/1990
10853,22/03/1964,Yoshinari,Kalloufi,F,03/05/1993
10303,11/09/1961,Marlo,Zschoche,M,05/02/1990
10729,24/05/1961,Percy,Lorho,F,20/04/1986
11042,13/07/1955,Gou,Breugel,F,26/06/1988
10239,31/03/1955,Nikolaos,Llado,X,08/05/1995
10069,06/09/1960,Margareta,Bierman,F,05/11/1989
10793,27/08/1960,Oksana,Roisin,F,02/10/1987
10891,15/12/1963,Susanne,Jiang,F,07/12/1990
10030,14/07/1958,Elvis,Demeyer,M,17/02/1994
11999,17/09/1961,Apostol,Rabehasaina,F,16/01/1986
11947,27/10/1957,Kiyomitsu,Lortz,X,24/10/1995
11871,02/05/1953,Nalini,Sommen,M,23/01/1988
10501,09/09/1962,Susuma,Larfeldt,M,20/04/1987
11036,04/09/1962,Muzhong,Greenaway,M,02/09/1987
11990,24/11/1964,Chanjung,Matheson,M,05/09/1988
11734,28/07/1963,Ramya,Baezner,F,30/04/1990
11565,02/09/1963,Yoshinari,Sankaranarayanan,M,03/02/1988
11229,20/10/1953,Gretta,Ramamoorthy,M,26/07/1991
10781,19/09/1958,Patricio,Leuchs,M,04/02/1991
11187,02/05/1957,Koldo,Makinen,M,02/09/1985
11539,17/12/1957,Yechiam,Zaumen,M,15/05/1993
10596,24/01/1954,Sanjit,Coors,M,01/04/1995
10619,27/04/1961,Vivian,Kusakabe,M,24/03/1989
10624,19/12/1955,Sham,Gyorkos,F,07/05/1990
11259,13/01/1960,Amalendu,Gronowski,X,26/12/1986
10922,27/10/1953,Kyoichi,Wossner,M,09/08/1992
11276,10/03/1957,Yunming,Cappelletti,M,12/03/1988
11273,12/09/1961,Make,Guting,X,07/10/1987
10221,03/01/1957,Yucai,Granlund,M,08/06/1988
11238,28/12/1962,Kwan,Chenoweth,M,24/09/1988
10237,22/09/1952,Yannis,Mandell,F,11/08/1989
11599,23/03/1958,Deniz,Ashish,M,13/03/1989
11543,21/07/1959,Takahiro,Krohm,M,01/04/1987
10395,17/02/1952,Takahiro,Deverell,M,04/02/1987
11960,15/01/1960,Moss,Flasterstein,M,28/07/1988
10845,24/12/1960,Hidde,Tasistro,F,30/06/1988
10383,13/11/1963,Leucio,Aumann,M,19/06/1991
10182,04/02/1961,Moriyoshi,Merey,F,02/09/1990
10149,20/05/1953,Xiadong,Perry,F,05/11/1986
10151,06/03/1959,Itzchak,Lichtner,M,10/04/1990
11480,13/09/1960,Masoud,Itschner,F,13/03/1990
11636,16/06/1955,Fumitaka,Shiratori,M,16/11/1992
11875,13/02/1959,Luisa,Sambasivam,F,25/07/1992
10783,13/11/1963,Moty,Kenevan,M,15/05/1994
11739,09/12/1958,Venkatesan,Serot,F,10/02/1985
10974,07/03/1952,Muneo,Papsdorf,M,25/11/1985
10608,11/07/1955,Adhemar,Talmor,F,25/05/1986
10560,01/05/1960,Yinlin,Esteva,F,28/09/1988
10161,06/04/1953,Hairong,Mellouli,X,03/04/1988
10299,21/06/1960,Ipke,Stentiford,F,10/01/1990
11979,09/10/1962,Abdulah,Akazan,F,08/09/1994
10243,22/12/1960,Wonhee,Pouyioutas,M,24/11/1985
10157,23/04/1954,Nigel,Aloisi,M,02/11/1985
11280,04/01/1964,Lillian,Restivo,F,07/08/1989
10585,10/11/1963,Sajjad,Willoner,F,05/01/1986
11925,15/04/1956,Feiyu,Pashtan,M,02/06/1996
11974,13/10/1963,Vojin,Sabnani,M,23/07/1989
10837,06/02/1957,Chuanti,Karlin,M,14/01/1986
10911,22/07/1959,Shay,Casley,M,25/06/1988
10899,11/05/1962,Valery,Rousseau,F,06/10/1989
11027,13/12/1955,Remzi,Cappello,M,07/05/1986
10014,12/02/1956,Berni,Genin,M,11/03/1987
11460,19/11/1955,Mana,Maraist,M,14/03/1992
10255,08/02/1964,Roddy,Garnick,M,12/05/1993
10235,27/03/1958,Susanta,Roccetti,F,06/04/1995
10356,12/08/1952,Vasilis,Standera,M,06/08/1988
10106,29/08/1952,Eben,Aingworth,M,19/12/1990
10052,26/02/1961,Heping,Nitsch,M,21/05/1988
11838,13/04/1955,Taiji,Nitta,M,29/09/1985
11611,24/09/1956,Annemarie,Mateescu,F,02/12/1986
11648,26/09/1959,Gill,Ponthieu,M,15/02/1992
11013,31/03/1961,Breannda,Vesel,M,13/09/1996
11088,14/11/1956,Sadun,Hennings,M,25/08/1989
11526,19/04/1954,Tonny,Impagliazzo,M,23/02/1992
10691,18/11/1957,Denny,Setia,M,17/09/1989
11688,04/09/1958,Denis,Coullard,F,29/10/1994
11049,12/02/1963,Gift,Apsitis,F,12/05/1995
11108,15/04/1962,Danae,Grabner,F,12/06/1992
10441,27/04/1958,Adel,Perfilyeva,M,12/07/1988
11662,25/04/1963,Mokhtar,Hofting,M,05/10/1985
10611,11/05/1964,Karsten,Blokdijk,M,16/09/1989
10825,27/03/1958,Fan,Fairtlough,M,30/12/1985
11733,25/05/1954,Leszek,Sudbeck,F,12/01/1992
10079,05/10/1961,Kshitij,Gils,F,27/03/1986
10961,28/03/1957,Weiwu,Choobineh,M,14/05/1986
10289,30/11/1956,Shay,Poulakidas,M,06/06/1990
11627,24/09/1964,Zeljko,Schreiter,M,01/11/1991
10278,09/03/1955,Lubomir,Nitsch,M,17/05/1991
11631,18/11/1960,Kristin,Malinowski,M,14/04/1992
10798,18/07/1961,Elliott,Bednarek,M,09/02/1992
10745,23/10/1953,Poorav,Ranze,F,26/05/1987
10111,29/08/1963,Hugo,Rosis,F,19/06/1988
11892,01/09/1960,Tesuro,Lorys,M,09/08/1993
10420,03/03/1963,Kaijung,Riesenhuber,M,17/01/1988
11024,17/06/1954,Manton,Collavizza,M,05/04/1995
10365,28/04/1958,Rosine,Granlund,X,02/06/1987
11146,25/06/1954,Ishfaq,Masand,F,21/03/1988
10995,26/02/1963,Chenye,Hertweck,F,19/07/1997
11772,19/06/1954,Gaurav,Penz,F,04/12/1987
11241,23/09/1956,Yolla,Clemencon,M,12/08/1997
10428,25/06/1957,Cathie,Brlek,M,04/06/1992
10179,25/11/1961,Deniz,Duclos,F,04/10/1990
11135,14/09/1958,Xinyu,Mellouli,X,22/10/1991
10628,18/04/1954,Krisda,Krogh,M,11/09/1985
11643,09/12/1957,Gila,Redmiles,M,17/12/1993
11795,15/12/1960,Herbert,Erman,F,24/03/1992
11462,28/01/1959,Chikara,Maginnis,M,27/04/1990
10260,14/07/1961,Alper,Suomi,F,13/04/1991
10817,02/10/1958,Uri,Rullman,F,26/12/1990
11728,29/09/1961,Serge,Makrucki,M,01/12/1987
11642,23/06/1956,Dmitri,Verhoeff,M,01/12/1991
10165,16/06/1960,Miyeon,Macedo,M,17/05/1988
10100,21/04/1953,Hironobu,Haraldson,F,21/09/1987
10755,10/06/1962,Odysseas,Ressouche,M,16/06/1988
11057,13/02/1959,Adly,Vural,M,12/07/1996
11121,13/02/1953,Vugranam,Kakkad,F,21/02/1987
10156,19/09/1964,Sumali,Fargier,M,10/03/1985
10109,25/11/1958,Mariusz,Prampolini,F,16/06/1993
11398,30/05/1953,Oscar,Peir,M,23/08/1986
11214,03/03/1961,Elgin,Ibel,F,25/11/1991
11069,21/06/1960,Pragnesh,Luff,F,29/08/1988
11569,29/08/1959,Kasidit,Geffroy,F,06/10/1986
11744,07/10/1964,Felicidad,Auria,F,23/08/1989
11072,10/04/1961,Arfst,Pulkowski,M,27/12/1985
11585,28/05/1959,Chaitali,Vandervoorde,M,13/10/1994
11908,13/09/1957,Candida,Iisaku,F,16/10/1985
11021,13/07/1954,Srinidhi,Henders,F,24/05/1985
10843,05/09/1961,Honesty,Smeets,M,26/04/1990
11437,18/07/1956,Supot,Vidya,M,12/08/1991
10747,02/02/1955,Falguni,Khalid,M,08/10/1990
11286,04/12/1964,Joydip,Gini,F,16/02/1988
10024,05/09/1958,Suzette,Pettey,F,19/05/1997
10189,12/11/1955,Khalid,Erva,M,05/10/1989
10537,29/06/1962,Stella,Benzmuller,M,25/09/1996
11548,13/11/1962,Nahid,Leuchs,M,16/05/1986
11760,30/03/1959,Along,Miake,F,15/09/1985
10997,30/08/1959,Alselm,Parascandalo,F,06/05/1994
10517,18/06/1953,Tiina,Speek,M,25/12/1990
11869,14/09/1955,Fumino,Luca,F,12/08/1996
11410,27/11/1953,Gro,Vendrig,M,13/07/1997
10074,28/08/1955,Mokhtar,Bernatsky,F,13/08/1990
11524,26/10/1955,Xiadong,Standera,M,20/09/1988
11161,30/01/1957,Ung,Ashish,M,31/05/1988
11481,17/04/1961,Sven,Schrooten,M,03/11/1986
10417,02/02/1964,Bingning,Bakhtari,M,12/03/1992
10180,29/01/1956,Shaw,Wendorf,M,25/02/1986
11478,18/03/1962,Nidapan,Ginneken,M,29/08/1993
10148,04/10/1957,Douadi,Azumi,M,10/10/1995
11665,04/04/1959,Fai,Linnainmaa,M,01/05/1989
11912,15/08/1964,Kristian,Giaccio,M,13/11/1985
11261,05/09/1963,Claudi,Demri,F,06/12/1987
10018,19/06/1954,Kazuhide,Peha,F,03/04/1987
11018,02/08/1960,Berthier,Luby,F,03/07/1988
11034,23/10/1961,Moti,Shrader,F,01/01/1993
11345,11/08/1964,Youngkon,Maierhofer,M,30/03/1985
11949,27/01/1953,Martijn,Harbusch,M,11/03/1985
10992,26/11/1958,Zhensheng,Juneja,X,01/08/1988
10507,18/02/1964,Kasidit,Belinskaya,M,26/04/1985
11028,23/02/1952,Miyeon,Krider,M,18/06/1986
11290,07/05/1953,Visit,Dredge,M,08/09/1985
11205,05/02/1962,Tayeb,Ebeling,M,23/08/1993
11263,09/09/1961,Kwangjo,Fiebach,M,15/08/1989
10020,24/12/1952,Mayuko,Warwick,M,26/01/1991
10140,11/03/1957,Yucel,Auria,F,14/03/1991
10154,17/01/1957,Abdulah,Thibadeau,F,12/12/1990
11325,06/02/1952,Samphel,Rossi,F,10/01/1999
10489,24/08/1958,Elvia,Homond,M,10/09/1989
10361,22/04/1961,Seshu,Sidou,F,23/10/1986
10923,29/04/1957,Younwoo,Maquelin,X,09/04/1990
11929,18/05/1959,Kendra,Beeson,F,12/04/1989
11894,23/12/1954,Mitchel,Validov,M,22/06/1988
11399,02/04/1958,Luisa,Plotkin,M,09/02/1985
11709,11/04/1959,Insup,Wossner,M,09/11/1985
10465,13/03/1963,Claudi,Shackel,M,01/09/1987
10304,07/03/1956,Bernt,Erie,M,16/11/1992
11956,31/03/1958,Mokhtar,Maccarone,M,15/08/1991
10050,21/05/1958,Yinghua,Dredge,M,25/12/1990
11243,14/06/1955,Udi,Desikan,F,08/12/1994
11866,20/06/1956,Bojan,Gihr,M,11/09/1988
10881,13/06/1959,Katsuo,Miake,M,18/04/1996
10511,18/06/1963,Khoa,Marrevee,M,27/01/1992
11045,28/04/1957,Chikako,Schueller,F,09/08/1985
10982,27/02/1964,Yishay,Decleir,M,11/11/1989
10695,30/08/1962,Zorica,Acton,M,05/08/1989
11392,27/01/1956,Fatemeh,Reeken,M,12/02/1997
11142,19/11/1964,Moheb,Raney,X,13/07/1985
11214,03/03/1961,Elgin,Ibel,F,25/11/1991
11116,08/06/1960,Sverrir,Milicic,M,23/10/1992
10973,02/10/1961,Valdiodio,Raczkowsky,M,05/03/1989
10351,23/08/1963,Tadahiko,Strehl,F,07/03/1985
11176,06/12/1964,Mingzeng,Heinisuo,M,15/06/1985
11226,18/05/1961,Margareta,Akiyama,F,13/07/1986
11897,23/11/1952,Cordelia,Setlzner,M,27/12/1987
11436,25/02/1961,Christfried,Lindqvist,M,29/08/1995
10815,12/11/1960,Renny,Pramanik,M,19/04/1994
10795,14/12/1954,Supot,Naudin,M,21/05/1985
11385,04/03/1952,Shiv,Ullian,M,22/05/1988
10201,15/12/1956,Idoia,Kavraki,F,22/11/1986
11344,31/01/1956,Paddy,Gulak,M,10/05/1990
10769,02/11/1962,Vishv,Bouloucos,M,16/08/1987
10711,20/06/1963,Arvind,DuBourdieux,F,21/06/1991
10086,19/11/1962,Somnath,Foote,M,16/02/1990
11826,20/02/1964,Carrsten,Rotem,M,06/07/1988
10844,03/02/1954,Dipayan,Koprowski,M,03/03/1987
11279,05/12/1960,Masanao,Ranft,M,01/08/1989
11456,21/07/1958,Anyuan,Seuren,F,05/12/1998
10345,13/12/1960,Arra,Ratnakar,M,08/11/1993
10142,29/08/1956,Tzvetan,Hettesheimer,M,28/10/1993
10553,08/02/1964,Rajmohan,Wallrath,F,27/10/1985
10884,07/03/1958,Teunis,Kleiser,F,15/04/1993
10360,04/11/1960,Irene,Munck,M,04/09/1996
10633,09/02/1957,Sorina,Herber,M,17/06/1985
10146,12/01/1959,Chenyi,Syang,M,28/06/1988
11674,29/10/1959,Dzung,Gyimothy,M,03/02/1987
11192,06/09/1952,Apostol,Bahr,M,30/09/1991
11686,14/11/1952,Nadjib,Srimani,F,14/10/1989
10063,06/08/1952,Gino,Leonhardt,F,08/04/1989
10369,08/01/1957,Qunsheng,Toyoshima,M,17/05/1986
11675,10/06/1964,Slavian,Pettit,M,07/10/1986
10669,30/05/1956,Yurij,Iisaka,F,09/06/1995
10903,04/06/1958,Visit,Nyanchama,M,14/02/1989
10807,23/06/1964,Munehiro,Zallocco,X,23/10/1986
11958,10/09/1960,KayLiang,Leivant,F,03/12/1987
10512,16/11/1955,Udi,Gihr,M,12/01/1986
11461,18/04/1955,Kish,Cronau,M,19/08/1986
10714,28/09/1960,Aran,Sadowsky,M,11/03/1997
11545,01/08/1962,Bartek,Lieblein,F,19/09/1986
11383,22/02/1964,Billur,Herbst,M,18/03/1992
11759,01/02/1962,Feixiong,Cincotta,M,30/04/1988
10124,23/05/1962,Geraldo,Marwedel,M,05/09/1991
11124,12/07/1963,Gladys,Porenta,M,16/04/1990
10043,19/09/1960,Yishay,Tzvieli,M,20/10/1990
10865,16/03/1961,Danco,Etalle,M,19/04/1991
11209,25/06/1964,Xuejun,Penn,M,06/09/1997
10403,01/04/1956,Atreyi,Mungall,F,13/09/1991
10894,21/08/1958,Suebskul,Srimani,F,18/07/1991
11883,27/05/1952,Nectarios,Bhattacharjee,F,16/04/1988
10250,12/08/1958,Serap,Etalle,M,30/08/1992
10726,11/01/1954,Zita,Minakawa,F,01/09/1985
10122,19/01/1965,Ohad,Esposito,M,23/12/1992
11352,26/09/1961,Toney,Terekhov,X,25/11/1985
10288,02/06/1959,Selwyn,Perri,M,29/08/1994
11137,17/03/1955,Hugh,Luca,X,31/07/1986
11609,27/08/1964,Sigeru,Marrakchi,M,03/08/1991
11318,09/09/1964,Gopalakrishnan,Unno,F,25/01/1986
10418,29/06/1952,Candida,Porotnikoff,F,20/04/1989
11125,27/02/1959,Munir,Spieker,M,26/02/1988
11357,25/05/1958,Radoslaw,Azevdeo,M,15/05/1993
11168,03/05/1953,Shmuel,Tetzlaff,F,15/07/1996
11617,04/12/1958,Masaki,Peroz,X,29/06/1987
11221,29/11/1953,Alselm,Hammerschmidt,M,22/08/1989
11660,19/07/1955,Gill,Stenning,F,22/11/1986
11060,30/06/1953,Genevieve,Pokrovskii,F,03/05/1991
10773,11/07/1960,Avishai,Bahr,F,01/12/1985
10524,02/05/1959,Shigehiro,Cincotta,F,09/10/1985
10248,24/09/1955,Frederique,Tempesti,F,13/08/1991
11186,15/07/1953,Kshitij,Stasinski,M,10/12/1994
11030,12/06/1956,Kwan,Hellwagner,F,09/05/1988
10567,21/05/1957,Dietrich,Journel,M,18/10/1992
10275,22/10/1961,Marek,Luck,F,08/09/1987
10959,19/06/1956,Kerryn,Vigier,M,01/03/1994
10144,17/06/1959,Marla,Brendel,M,14/10/1985
10581,20/11/1956,Odinaldo,Prochazka,F,09/02/1988
11133,13/12/1955,Nalini,Azulay,M,04/02/1988
10600,17/08/1963,Emran,Rettelbach,F,22/12/1985
11253,11/09/1952,Koldo,Pokrovskii,M,22/05/1992
11672,28/04/1959,Munir,Businaro,M,02/12/1987
10090,30/05/1961,Kendra,Hofting,M,14/03/1986
11420,30/04/1955,Tsutomu,Lalonde,F,31/01/1992
10549,20/03/1957,Beshir,Kisuki,M,26/10/1995
10316,20/06/1958,Christoper,Schwaller,M,04/09/1987
10183,17/10/1954,Mechthild,Bonifati,X,11/08/1996
10953,23/06/1956,Jahangir,Laventhal,F,12/02/1987
10840,26/04/1961,Mohammad,Koshino,M,04/06/1993
10661,07/04/1956,Ottavia,Giarratana,F,12/01/1988
11741,27/05/1962,Valeri,Vigier,F,04/02/1989
11651,13/02/1961,Guoxiang,Giveon,M,09/08/1987
11381,06/09/1960,Shir,Vural,M,12/08/1991
11904,05/07/1962,DeForest,Flasterstein,M,06/06/1993
11369,01/10/1961,Alair,Camarinopoulos,F,05/08/1991
10789,19/05/1964,Aruna,Journel,F,02/02/1987
11834,20/05/1962,Mana,Wegerle,F,04/04/1990
10217,07/07/1954,Yongmin,Roison,F,12/05/1986
10219,02/05/1952,Genta,Kolvik,X,31/03/1993
11663,08/11/1957,Maria,Trumbly,F,11/09/1987
10306,02/06/1953,Heng,Kilgour,M,06/09/1993
10666,03/10/1964,Zhonghua,Reeker,M,20/05/1989
10112,13/08/1963,Yuichiro,Swick,F,08/10/1985
10706,11/10/1959,Gonzalo,Eldridge,M,17/12/1989
10344,24/07/1957,Uwe,Garnier,F,25/06/1994
11041,12/01/1964,Stamatina,Matheson,M,12/08/1985
11333,19/06/1960,Heon,Slobodova,M,14/02/1988
11349,05/09/1953,Yurii,Hammerschmidt,M,27/06/1992
11602,09/08/1953,Somnath,Malabarba,M,21/06/1993
10768,24/06/1955,Ishfaq,Candan,M,04/07/1985
11776,20/10/1961,Giordano,Zaccaria,F,05/11/1986
10474,24/02/1962,Kenton,Garnham,F,28/09/1985
10387,03/11/1952,Parto,Wrigley,F,19/02/1987
11512,24/09/1962,Nidapan,Hagimont,F,01/09/1987
10777,11/08/1955,Mizuhito,Kemmerer,F,05/07/1988
11888,05/04/1952,Badri,Azulay,M,28/11/1994
11493,13/02/1957,Shen,Sevcikova,M,22/07/1995
10896,12/04/1964,Adil,Taubenfeld,M,08/10/1994
11320,13/04/1954,Atilio,McAlpine,M,24/11/1987
11171,01/12/1961,Yuguang,Passino,F,04/10/1992
10504,07/04/1953,Xiong,Varker,M,03/12/1988
11970,06/12/1958,Toong,Marrakchi,M,24/05/1985
11305,22/12/1960,Augustine,Schwabacher,F,11/04/1986
11633,09/06/1959,Kazuyasu,Teitelbaum,F,27/08/1991
10615,30/08/1955,Keung,Delgrande,M,10/03/1996
11476,20/06/1954,Manton,Yoshizawa,F,15/01/1994
10677,20/02/1963,Alejandra,Perng,F,07/10/1996
11458,09/08/1958,Stevo,Chenoweth,F,06/10/1985
11079,18/09/1952,Piyush,Garigliano,M,09/10/1993
10830,17/08/1954,Fen,Fiebach,M,24/08/1991
10610,24/06/1955,Irena,Roccetti,F,11/04/1996
11930,03/01/1962,Shai,Radivojevic,F,14/01/1991
12001,06/11/1960,Ulf,Hofstetter,F,10/03/1989
10040,13/09/1959,Weiyi,Meriste,F,14/02/1993
10480,25/01/1965,Make,Baba,F,18/05/1988
11396,06/02/1955,Anneke,Servieres,F,04/02/1997
10756,24/06/1958,Paddy,Brizzi,M,21/11/1995
10026,03/04/1953,Yongqiao,Berztiss,M,20/03/1995
10705,17/06/1963,Hironobu,Wynblatt,M,18/07/1990
10440,10/04/1959,Akeel,Narahara,F,31/03/1994
11102,14/03/1959,Bernardo,Carrera,M,03/01/1991
11843,16/01/1959,Zongyan,Slaats,M,26/05/1985
10715,21/11/1959,Goa,Poehlman,M,25/09/1995
10934,21/05/1960,Bartek,Strooper,F,11/11/1993
10186,16/07/1953,Shigehito,Kropatsch,M,28/03/1986
11026,24/11/1957,Heon,Ossenbruggen,M,08/11/1991
11266,09/08/1955,Florina,Rohrbach,M,04/04/1995
11515,03/03/1955,Ulf,Basawa,F,27/02/1986
10515,15/12/1963,Raimond,Kirkerud,M,28/10/1989
10346,29/01/1963,Aamod,Radwan,M,27/01/1987
11532,01/03/1958,Shahab,Cromarty,M,01/12/1991
11583,06/06/1964,Margo,Domenig,M,09/06/1986
11074,17/08/1963,Spyrose,Peak,M,23/04/1992
10720,17/06/1956,Odinaldo,Kruskal,M,01/08/1985
11880,22/08/1960,Akeel,Esposito,F,31/01/1993
11551,28/08/1962,Subhrajyoti,Gonthier,X,21/04/1985
11094,28/08/1958,Xiaoshan,Ratnaker,X,26/08/1991
11358,21/04/1960,Nevin,Petereit,F,02/06/1990
10252,30/01/1961,Shirish,Wegerle,F,08/11/1990
11423,16/09/1954,Guangming,Kopetz,M,14/06/1993
10698,13/09/1959,Barton,Engberts,M,08/12/1994
10737,10/10/1960,Vincent,Schwartzbauer,M,15/10/1990
10568,02/12/1953,Gao,Poulakidas,F,14/02/1989
11179,25/06/1960,Kerhong,Veccia,F,31/03/1992
10900,18/07/1955,Ferdinand,Prenel,F,07/09/1995
11927,27/10/1956,Mana,Aingworth,M,26/04/1986
11754,18/05/1958,Malu,Magliocco,F,23/08/1999
10307,20/07/1955,Nikolaos,Leaver,M,10/04/1991
10814,17/09/1952,Nidapan,Dymetman,F,17/07/1993
11037,22/05/1952,Lansing,Maliniak,M,28/01/1988
11864,14/06/1952,Pradeep,Kriebel,F,12/11/1985
10398,16/07/1958,Shooichi,Escriba,F,12/10/1990
10918,26/12/1954,Susumu,Reghbati,M,13/12/1985
11860,29/07/1964,Chriss,DeMori,F,04/10/1992
10526,31/12/1963,Kwangho,Theuretzbacher,F,27/02/1988
10998,17/02/1956,Marlo,Kandlur,M,28/06/1992
10136,14/09/1961,Zissis,Pintelas,M,11/02/1986
10761,10/04/1959,Sumali,Liedekerke,M,30/05/1992
10671,12/06/1953,Parviz,Rebaine,M,08/01/1987
11985,12/10/1959,Baocai,Wiegley,M,18/12/1985
11677,19/02/1958,Shooichi,Luit,F,12/09/1991
10137,30/07/1959,Maren,Hutton,M,18/02/1985
11861,12/03/1962,Vincent,Claffy,F,28/05/1990
11165,07/06/1957,Kolar,Pietrzykowski,M,30/04/1995
10877,11/09/1964,Subir,Biron,M,06/06/1986
11220,25/06/1962,Sahrah,Figueira,F,24/11/1989
11362,24/11/1963,Tooru,Hockney,M,10/02/1985
10169,03/05/1961,Sampalli,Snedden,F,1992-07-45
10373,08/01/1959,Hongzue,Heijenga,M,26/04/1997
11644,1952-13-08,Sanjit,Zaiane,F,28/01/1991
10375,09/10/1957,Dante,Kalafatis,F,29/05/1994
11260,11/06/1963,Ingemar,Schade,M,29/09/1993
11139,13/10/1955,Bogdan,Homond,F,24/12/1985
10267,16/01/1956,Shaunak,Cullers,M,11/12/1996
11470,11/10/1962,Khalid,Michaels,M,26/11/1991
10652,25/04/1960,Danai,Chachaty,M,12/02/1990
10943,19/11/1955,Berna,Skafidas,M,19/02/1988
10123,12/05/1962,Hinrich,Randi,M,15/01/1993
11479,02/12/1953,Shridhar,Pleszkun,X,23/08/1998
11126,08/01/1965,Hideo,Daescu,F,25/02/1992
11570,12/08/1960,Mayumi,Uchoa,M,07/10/1988
10073,23/02/1954,Shir,McClurg,M,01/12/1991
10276,27/07/1964,Xuejun,Hempstead,M,21/07/1985
10297,17/06/1956,Narain,Oaver,F,28/05/1986
11316,02/11/1963,Ult,Farrar,F,18/07/1997
11687,28/02/1963,Owen,Peak,M,13/01/1986
10942,08/08/1952,Toshimitsu,Larfeldt,F,08/09/1989
11793,13/08/1960,Barun,Harllee,M,06/06/1996
10012,04/10/1960,Patricio,Bridgland,M,18/12/1992
11732,14/06/1955,Sanjoy,Ranft,F,11/08/1985
11828,15/06/1958,Mikhail,Paciorek,F,14/03/1985
11600,18/07/1961,Yurij,Pardalos,M,30/04/1987
10716,08/10/1963,Aiman,Constantine,M,20/08/1985
11762,17/05/1958,Kerhong,Greibach,M,10/05/1992
11486,05/03/1963,Itzchak,Ramaiah,M,31/05/1985
10851,15/11/1959,Piyawadee,Copas,M,21/11/1994
11382,04/04/1962,Akemi,Otillio,M,04/06/1991
10150,29/01/1955,Zhenbing,Perng,F,16/11/1986
11881,06/08/1952,Arra,Staelin,M,08/04/1990
10059,19/09/1953,Alejandro,McAlpine,F,26/06/1991
11474,17/04/1953,Gennady,Akazan,M,26/07/1990
10933,24/01/1965,Juyoung,Seghrouchni,F,02/08/1993
10824,20/09/1958,Kirk,Kalsbeek,M,18/03/1985
11429,22/02/1957,Nagui,Kaminger,M,16/10/1986
11111,14/07/1954,Udi,Zastre,F,25/12/1994
10951,20/01/1962,Marco,Iisaku,M,06/07/1989
10699,02/02/1964,Hatim,Deverell,X,17/11/1985
10561,07/09/1958,Serge,Joslin,F,15/12/1990
11899,07/10/1961,Bodh,Munke,M,30/12/1995
10118,29/03/1957,Zhonghui,Zyda,F,13/09/1990
11237,21/03/1964,Brendon,Salinas,M,30/03/1986
10679,25/09/1956,Neven,Brender,M,13/05/1990
11162,25/03/1953,Kauko,Narlikar,F,28/03/1985
11872,17/01/1953,Cheong,Riexinger,M,06/12/1987
10510,13/02/1960,Keung,Slobodova,F,20/04/1990
11231,28/01/1959,Marit,Narwekar,F,07/04/1988
10857,11/06/1957,Fusako,Stenning&,F,04/04/1990
10077,18/04/1964,Mona,Azuma,M,02/03/1990
11188,13/03/1956,Kazuyasu,Kushner,F,23/04/1987
10234,18/01/1961,Arunachalam,Bakhtari,X,19/11/1990
10829,11/07/1955,Alper,Narahara,F,22/02/1993
11242,27/12/1958,Jinya,Camurati,F,30/04/1989
10981,22/07/1956,Sugwoo,Dulin,F,03/01/1989
10541,05/11/1955,Godehard,Eiter,M,28/02/1986
10948a,23/12/1952,Shigehito,Brodie,M,30/09/1996
11250,15/08/1957,Sverrir,Cusworth,M,30/06/1992
11649,07/10/1954,Shen,Bernardinello,F,05/02/1991
10875,27/10/1958,Filipp,Suri,F,19/05/1988
10672,23/03/1954,Bluma,Zeilberger,M,13/07/1986
10603,02/08/1955,Wayne,Restivo,M,20/07/1995
10656,18/06/1962,Sanjay,Litzkow,M,21/06/1988
11172,25/06/1963,Kristian,Sudkamp,F,06/06/1989
10713,14/04/1959,Jagoda,Naumovich,M,26/04/1986
11639,02/05/1964,Khatoun,Herath,M,18/02/1987
11936,18/11/1956,Oddvar,Jonsson,F,26/05/1993
11389,29/12/1959,Ronnie,Provine,M,14/01/1988
10554,01/08/1958,Dines,Gerlach,M,28/11/1990
10583,03/03/1964,Prasadram,Stille,F,14/02/1985
10114,16/02/1957,Munir,Demeyer,F,17/07/1992
11811,05/07/1953,Herb,Boissier,M,28/03/1992
11511,02/06/1964,Arlette,Mikschl,M,06/09/1991
10926,13/10/1954,Leni,Eppinger,F,30/04/1990
11858,21/11/1962,Slavian,Baik,M,12/11/1988
10630,10/08/1954,Bezalel,Katzenelson,F,26/06/1993
11837,26/03/1957,Shigeaki,Sury,F,15/06/1990
11285,23/02/1962,Randy,Koshino,M,03/03/1997
10181,22/01/1963,Sibyl,Nooteboom,M,22/06/1988
11050,23/09/1952,Elvis,Katiyar,M,06/05/1986
11427,15/08/1963,Haldun,Iisaka,F,25/02/1994
10174,15/05/1959,Badri,Furudate,M,01/06/1987
11805,05/06/1953,Rosine,Grandbois,M,01/09/1985
10960,24/10/1959,Billur,Braunschweig,M,14/03/1988
11873,09/08/1960,Venkatesan,Reeken,F,14/11/1998
10968,19/03/1961,Lakshmi,Kolinko,M,11/08/1985
10634,01/08/1954,Nahid,Chepyzhov,M,11/11/1990
11813,27/04/1952,Gita,Muhlberg,F,16/03/1987
10722,03/10/1960,Dung,Gornas,M,17/01/1989
10784,27/01/1957,Weijing,Bottner,F,12/05/1987
10070,20/08/1955,Reuven,Garigliano,M,14/10/1985
11542,11/05/1960,Maia,Kawashima,M,20/06/1985
10378,05/09/1964,Takahira,Lichtner,M,30/12/1990
10988,24/06/1955,Chinya,Deyuan,M,19/06/1985
10931,30/06/1963,Abdulla,Beutelspacher,F,14/06/1992
10889,21/06/1956,Cheong,Coors,F,11/08/1987
11535,08/11/1956,Aemilian,Ohori,F,09/07/1988
11815,09/04/1963,Akemi,Sommen,M,12/04/1986
11625,10/11/1959,Kokou,Hemaspaandra,F,11/09/1988
10946,08/09/1956,Shaz,Kabayashi,M,04/02/1996
10743,26/12/1963,Kiyomitsu,Peltason,M,10/06/1985
10348,11/03/1956,Mahendra,Picco,F,22/10/1995
11863,03/07/1962,Stella,Peng,M,16/12/1988
11743,05/04/1956,Clyde,Huttel,F,17/04/1996
10342,17/03/1960,Stella,Hiroyama,X,25/07/1987
11174,14/09/1952,Akhilish,Milicia,M,24/05/1996
11582,21/08/1961,Willard,Baar,M,08/04/1990
11475,25/04/1957,Dekang,Siegrist,F,04/08/1997
11466,04/01/1964,Naftali,Koshino,F,03/05/1986
10668,20/03/1959,Maren,Granlund,F,25/09/1989
11245,24/03/1960,Jaideep,Pews,F,25/11/1994
10205,20/05/1953,Mabhin,Leijenhorst,F,23/08/1993
11086,24/10/1958,Yishai,Dalphin,X,03/03/1988
11635,13/07/1964,Nalini,Mahnke,F,13/10/1989
11523,25/01/1953,Yuguang,Pezzoli,F,23/12/1992
10941,26/08/1960,Katsuyuki,Norsworthy,M,22/08/1993
11360,24/05/1953,Fen,Schach,M,12/01/1989
11247,12/01/1958,Ranga,Rebaine,M,05/02/1993
10938,11/05/1958,Shaowei,Iisaku,F,24/09/1985
10614,11/07/1953,Gila,Ozeri,F,03/03/1990
11746,22/05/1952,Koichi,Marrakchi,X,17/11/1988
10266,24/02/1958,Sukumar,Rassart,M,25/05/1990
10690,06/09/1962,Matt,Jumpertz,F,22/08/1989
11874,30/10/1956,Baoqiu,Motley,M,27/07/1995
11054,28/09/1960,Utpal,Krohn,M,18/07/1986
11981,11/04/1964,LiMin,Horswill,M,14/09/1990
11749,28/11/1957,Masamitsu,Penttonen,M,26/08/1985
11525,14/04/1958,Tadahiro,Huttel,M,03/11/1988
11432,15/01/1965,Yongmao,Zwicker,M,19/10/1987
11541,25/05/1957,Chinhyun,Coombs,F,05/04/1990
11426,01/09/1958,Shuky,Schwartzbauer,M,02/07/1987
11173,26/12/1957,Tooru,Warwick,M,03/07/1988
10545,12/01/1963,Hauke,dAstous,M,30/06/1990
11213,19/10/1955,Vugranam,Munoz,F,17/06/1998
11718,31/07/1956,Richard,Marshall,F,11/08/1996
10595,10/12/1964,Giri,Undy,M,24/11/1989
10423,10/01/1956,Dante,Cronin,F,06/09/1998
11558,20/06/1959,Sungwon,Hofting,M,18/09/1996
11915,16/08/1954,Miomir,Mawatari,M,29/08/1987
11571,11/11/1957,Jinpo,Takkinen,F,15/02/1986
10419,22/06/1964,Maria,Bauknecht,F,25/04/1992
11777,17/12/1962,Mayumi,Cooley,M,12/12/1990
11244,20/08/1959,Navin,Restivo,F,08/06/1985
11513,16/07/1954,Otmar,Mahnke,M,27/03/1986
11530,14/11/1956,Oscar,Jarecki,M,10/06/1985
11840,27/07/1962,Jayson,Hofman,M,21/12/1986
10057,30/05/1954,Ebbe,Callaway,F,15/01/1992
10778,13/03/1953,Selwyn,Merey,M,04/07/1986
11452,16/01/1953,Shigehito,Luby,F,26/08/1993
11942,22/08/1957,Uri,Scharstein,F,06/04/1985
11464,22/10/1962,Boutros,Simkin,M,30/05/1992
11485,27/06/1959,Nahid,Khalil,M,04/10/1991
11303,27/04/1957,Jaewoo,Usery,M,05/11/1986
10667,05/08/1955,Makato,Cusworth,F,25/06/1990
10407,05/07/1955,Ulf,Siepmann,M,08/03/1990
10187,26/05/1961,Tommaso,Narwekar,F,01/06/1991
11096,21/02/1962,Shugo,Zallocco,F,12/12/1986
10444,29/07/1956,Kazuhira,Rosis,M,31/03/1993
10605,21/05/1956,Moti,Wixon,F,29/04/1985
10075,09/03/1960,Gao,Dolinsky,F,19/03/1987
10702,25/11/1952,Bader,Szemeredi,M,23/07/1985
10775,12/03/1956,Xiaoheng,Sluis,M,09/12/1988
10749,21/08/1955,King,Brendel,M,26/09/1985
10740,19/04/1956,Suzette,Sadowski,M,15/08/1995
10928,01/11/1961,Udaiprakash,Schmezko,M,07/04/1991
10094,25/05/1957,Arumugam,Ossenbruggen,F,18/04/1987
11469,01/12/1952,Guttorm,Giaccio,M,23/05/1988
10724,06/10/1957,Aluzio,Narlikar,M,04/11/1991
11534,23/08/1960,Surveyors,Besancenot,M,19/11/1988
11309,28/05/1963,Caolyn,Ranai,M,24/01/1994
11537,29/06/1955,DAIDA,Pehl,M,06/07/1986
10103,26/11/1953,Akemi,Birch,M,02/12/1986
11240,12/08/1955,Kiam,Condotta,M,11/11/1988
11324,16/11/1953,Kauko,Billingsley,F,29/08/1985
10377,19/08/1954,Marl,Grospietsch,M,07/05/1990
11975,04/03/1956,Ger,Moehrke,M,24/03/1991
10658,21/11/1956,Junsik,Rijckaert,F,29/04/1994
10415,12/11/1957,Mark,Coorg,M,25/10/1993
10578,18/07/1958,Shigeaki,Shanbhogue,F,24/11/1989
10528,16/05/1963,Koichi,Lakshmanan,F,29/12/1991
11973,10/02/1958,Aamod,Erdmenger,F,13/04/1989
10008,19/02/1958,Saniya,Kalloufi,M,15/09/1994
11112,05/08/1954,Boaz,Mukaidono,M,20/08/1987
11401,20/12/1952,Huan,Merey,F,15/04/1995
11490,10/09/1957,Bedir,Osgood,M,28/04/1990
11932,28/05/1956,Tze,Zolotykh,M,28/12/1987
10833,12/04/1953,Krisda,Gecseg,F,08/02/1989
10867,01/10/1952,Billur,Gyorkos,M,08/10/1986
10294,05/01/1955,Rutger,Miara,M,08/04/1996
10080,03/12/1957,Premal,Baek,M,19/11/1985
10906,06/02/1952,Munehiro,Carrere,F,20/01/1994
11972,01/10/1954,Sibyl,Beausoleil,F,07/10/1990
11945,17/02/1952,Limsoon,Marakhovsky,F,22/07/1991
10514,03/04/1963,Tomofumi,McClure,M,29/04/1992
11068,03/03/1956,Honglan,Harnett,F,29/06/1989
11395,04/03/1959,Nectarios,Chleq,M,20/06/1987
11836,14/09/1952,Ortrud,Bakhtari,M,28/07/1989
11966,22/10/1960,Poornachandra,Rotem,F,20/01/1987
11591,03/10/1961,Kiyomitsu,Lindqvist,M,07/01/1986
11044,18/03/1959,Elvia,Cherinka,M,15/11/1990
10645,01/03/1957,Fumiyo,Esposito,M,01/03/1988
10216,16/07/1958,Amstein,Ghemri,M,30/10/1987
10215,02/04/1954,Xiaobin,Duclos,M,19/10/1987
11075,28/10/1954,Karsten,Belinskaya,F,29/10/1996
11593,04/05/1963,Eckart,Gunderson,M,02/11/1989
10502,07/10/1957,Yonghoan,Marshall,M,04/03/1993
11342,29/12/1959,Xudong,Butner,M,03/02/1998
11595,26/02/1953,Takanari,Kamber,M,23/01/1992
10015,19/08/1959,Guoxiang,Nooteboom,M,02/07/1987
10486,24/08/1952,Amstein,Kossowski,F,08/10/1987
11372,04/09/1953,Susanta,Vilarrasa,M,14/05/1993
10108,07/04/1952,Lunjin,Giveon,M,02/10/1986
11870,30/11/1962,Adas,Quittner,M,28/03/1988
10323,20/06/1958,Kankanahalli,Hinsberger,M,06/06/1991
11774,11/07/1954,Aron,Wroclawski,X,30/12/1997
11292,18/05/1953,Souichi,Sichman,F,11/02/1989
11170,05/05/1952,Minghong,Cannard,M,29/12/1989
11787,31/12/1956,Subhada,Garnick,M,25/08/1987
11282,31/01/1964,Josyula,Schaad,M,11/02/1991
10674,1961-03,Abdelaziz,Bisiani,M,1988-09
10128,15/02/1958,Babette,Lamba,F,06/06/1988
10200,31/12/1961,Vidya,Awdeh,M,16/10/1985
11508,03/05/1956,Ronnie,Ritcey,F,12/04/1988
11794,25/10/1964,Atreye,Ghandeharizadeh,M,02/05/1987
10028,26/11/1963,Domenick,Tempesti,M,22/10/1991
11312,24/11/1956,Shih,Terlouw,F,23/01/1994
10693,14/12/1953,Berhard,Daescu,F,08/01/1986
10991,22/05/1957,Munehiro,Aingworth,M,21/05/1993
10835,23/11/1952,Tomoyuki,Kermarrec,M,28/07/1985
11646,22/06/1953,Lobel,Rubsam,M,11/06/1992
11957,13/06/1958,Frederique,Radivojevic,F,02/04/1992
11428,08/07/1953,Remco,Reinhart,M,31/07/1994
11100,14/10/1955,Berna,Cochrane,M,13/10/1986
10491,09/09/1964,Garnik,Narahar|,X,17/01/1990
11710,20/12/1958,Rajmohan,Hatcliff,F,05/09/1986
11149,28/06/1964,Domenico,Imataki,M,26/08/1987
10283,08/07/1953,Kauko,Birjandi,M,25/05/1988
10170,03/10/1960,Kasturi,Jenevein,F,02/01/1986
10808,11/09/1955,Chenxi,Leijenhorst,M,07/03/1987
11659,08/12/1958,Tremaine,Pileggi,M,31/08/1988
11910,23/09/1961,Tamiya,Luders,F,12/09/1992
11695,03/07/1958,Gretta,Serra,M,26/04/1989
11504,16/06/1962,Saeed,Ananiadou,F,30/09/1990
10404,27/04/1955,Prodip,Rosti,F,28/08/1988
11781,29/11/1964,Tua,Pluym,M,14/11/1987
11118,19/12/1959,Sailaja,Gelosh,F,28/11/1988
10965,10/07/1955,Eckart,Braunschweig,M,29/07/1986
11921,19/10/1958,Yaghout,Benner,M,04/03/1986
11338,03/11/1954,Kwangsub,Hanratty,M,14/04/1987
11989,29/10/1953,Erzsebet,Peltason,M,07/01/1989
11394,02/01/1964,Masadi,Uhrik,M,20/12/1988
10892,13/12/1959,Kazunori,Vieth,M,11/04/1990
10438,25/12/1961,Evgueni,Srimani,F,19/01/1990
10488,17/10/1959,Mihalis,Heering,M,09/06/1994
11181,28/05/1952,Hausi,Cullers,M,11/07/1992
11608,17/04/1961,Jagoda,Jonsson,F,19/04/1987
11438,09/04/1959,Morris,Heping,M,17/11/1994
11217,01/07/1954,Kellie,Mawatari,M,22/09/1987
11356,31/12/1959,Hercules,Gerlach,M,26/10/1985
10895,21/03/1952,Vishwani,Petersohn,M,26/04/1986
11178,12/02/1956,Kellyn,Daescu,M,27/05/1985
10391,13/06/1956,Hongzue,Akaboshi,M,24/12/1989
11202,01/11/1964,Marek,Ranon,F,17/02/1985
10253,12/11/1964,Zsolt,Salinas,F,21/02/1985
11694,26/08/1962,Stamatina,Ozery,F,31/03/1989
10158,01/04/1958,Khedija,Mitsuhashi,M,29/01/1986
11000,12/09/1960,Alain,Bonifati,M,20/08/1988
10594,22/10/1960,Kiyokazu,Whitcomb,M,02/04/1988
10771,10/05/1960,Guiseppe,Kleiser,F,08/11/1989
11251,16/10/1955,Bezalel,Chinal,M,26/11/1985
11971,08/10/1957,Dhritiman,Cooke,M,11/11/1987
10468,28/08/1960,Yoshimitsu,Shobatake,M,28/05/1991
11335,20/11/1960,Bernd,Plump,M,08/10/1991
10424,17/08/1959,Babette,Straney,M,07/08/1989
10738,08/10/1963,Rosita,Oppitz,M,17/01/1988
11035,25/09/1963,Bangqing,Atrawala,M,06/10/1992
11561,25/02/1960,Akeno,McAffer,M,26/12/1989
10588,30/07/1956,Shigeo,Dulay,F,28/01/1987
11680,23/04/1958,Aral,Iwayama,M,13/05/1990
11093,11/11/1959,Licheng,Kitai,F,17/02/1986
11328,13/10/1958,Xiong,Ferriere,M,08/08/1986
10478,08/03/1957,Maik,Ushiama,M,09/06/1992
11528,26/04/1955,Zito,Dolinsky,M,15/06/1987
11166,27/05/1958,Weiyi,Antonisse,M,04/09/1990
11670,25/09/1964,Evgueni,Kroon,F,17/05/1985
11361,07/12/1962,Zhonghui,Birdsall,M,03/08/1987
10359,18/04/1960,Heekeun,Sambasivam,F,09/05/1991
10076,13/06/1952,Erez,Ritzmann,F,09/07/1985
11210,27/09/1957,Kamakshi,Decaestecker,M,27/02/1986
11453,18/11/1962,Fei,Lakshmanan,M,13/07/1990
11311,28/04/1958,Hyuckchul,Bahk,F,15/12/1994
10902,09/05/1964,Inderjeet,Perly,M,22/04/1990
10898,10/11/1961,Munenori,Markovitch,F,10/04/1986
10431,25/05/1961,Patricio,Bugrara,M,08/10/1987
10141,17/01/1960,Shahaf,Ishibashi,F,06/05/1993
11980,03/07/1955,Yechezkel,Pews,M,20/01/1992
11619,14/08/1958,Taiji,Ozeki,F,01/09/1992
11195,04/09/1953,Masanao,Lovengreen,M,13/06/1991
10805,12/09/1959,Kerhong,Bernick,F,26/05/1987
10422,02/06/1954,Greger,Rubsam,F,07/12/1990
10382,12/06/1955,Shirish,Dredge,M,04/07/1990
10326,13/02/1953,Masali,Czap,F,13/05/1985
11567,06/07/1954,Teiji,Mitzlaff,M,03/02/1988
10464,04/09/1962,Mang,Maginnis,F,09/10/1989
11768,09/06/1964,Krassimir,Erol,M,31/03/1988
10639,18/04/1953,Pramod,Erol,M,25/10/1992
10355,10/12/1952,Satyanarayana,Cochrane,M,15/11/1987
10780,12/09/1955,Goncalo,Staudhammer,M,06/11/1989
11424,07/04/1963,Lein,Sudkamp,M,01/08/1989
10473,13/10/1963,Przemyslawa,Oskamp,M,30/10/1987
11824,05/01/1960,Zhensheng,Karcich,X,09/10/1993
11516,06/01/1958,Hironoby,Sethi,M,26/07/1992
11800,09/12/1958,Aamer,Fraisse,M,08/08/1990
11554,28/05/1955,Subhash,Taubenfeld,M,1888-10-17
11500,06/11/1960,Ranan,Weedon,M,07/05/1991
11685,27/02/1958,Ulf,Erde,M,10/09/1992
10389,24/03/1953,Make,Peir,M,31/10/1995
10449,28/09/1959,Aleksandar,Sudkamp,M,28/03/1987
11270,10/10/1962,Gina,Falster,M,28/09/1988
11615,05/03/1955,Shem,Isaak,F,13/09/1988
10193,29/06/1960,Masaru,Cheshire,M,28/07/1991
11435,29/05/1962,Utpal,Lichtman,M,15/10/1986
11212,10/08/1961,Teruyuki,Peternell,M,16/10/1985
10538,18/08/1955,Przemyslawa,Falby,M,23/07/1987
11032,19/04/1953,Erez,Schaaf,M,12/03/1992
11601,17/11/1958,Erez,Ritzmann,M,07/04/1990
10066,13/11/1952,Kwee,Schusler,M,26/02/1986
10238,02/11/1964,Mototsugu,Gire,FF,19/11/1986
10897,27/05/1958,Arno,Kumaresan,F,09/04/1986
10097,27/02/1952,Remzi,Waschkowski,M,15/09/1990
11090,10/07/1959,Ebbe,Hasenauer,M,25/07/1986
10563,27/10/1956,Mohit,Spelt,M,29/09/1992
11323,24/05/1964,Hyuckchul,Pfau,X,13/02/1995
10709,06/01/1961,Jiafu,Mateescu,F,02/02/1986
10758,26/11/1962,Fumiyo,Boyle,F,06/02/1988
10044,21/09/1961,Mingsen,Casley,F,21/05/1994
11559,08/06/1961,Jaihie,Nollmann,F,17/12/1990
10869,09/10/1962,Guangming,Jonsson,F,15/03/1996
10910,1258-11-11,Arco,Jervis,M,13/07/1989
10627,06/10/1962,Shigeu,Itzfeldt,M,07/11/1991
10354,21/04/1961,Moto,Kusakari,M,26/03/1996
11835,13/09/1961,Arnould,Hofman,F,24/02/1990
11773,31/12/1961,Naftaly,Lorys,M,31/10/1987
10309,06/11/1964,Prodip,Schusler,F,20/06/1985
10110,07/03/1957,Xuejia,Ullian,F,22/08/1986
11115,27/06/1958,Sahrah,Demos,M,03/11/1998
11301,19/08/1953,Oxenboll,F,23/05/1989,
10099,25/05/1956,Valter,Sullins,F,18/10/1988
11204,15/12/1955,Diederik,Covnot,M,18/09/1985
10006,20/04/1953,Anneke,Preusig,F,02/06/1989
10019,23/01/1953,Lillian,Haddadi,M,30/04/1999
10251,25/04/1957,Alair,Rosenbaum,M,25/06/1992
10979,11/09/1959,Elrique,Raney,F,27/01/1986
10754,08/09/1956,Chenyi,Feinberg,X,11/01/1988
11959,14/02/1962,Duro,Pettis,M,03/04/1991
10856,13/03/1964,Sreenivas,Peck,F,31/12/1986
10209,12/12/1956,Yolla,Ellozy,F,23/11/1991
10115,25/12/1964,Chikara,Rissland,M,23/01/1986
11138,12/11/1956,Adel,Matteis,M,22/10/1986
10321,12/12/1955,Guenter,Ravishankar,M,24/09/1991
11901,05/09/1962,Baoqiu,Plumb,M,10/11/1989
11330,21/08/1961,Chriss,Adachi,M,28/06/1990
10270,30/01/1963,Bedir,Hartvigsen,F,26/04/1990
11820,26/11/1961,Danil,Badache,M,20/06/1993
11775,16/06/1963,Sajjad,Xiaoshan,F,06/02/1985
11657,01/04/1958,Gou,Bazzichi,F,19/03/1989
10072,15/05/1952,Hironoby,Sidou,F,21/07/1988
10197,06/08/1963,Kasidit,Krzyzanowski,F,22/11/1993
10232,11/03/1956,Marko,Auria,F,04/06/1992
10676,26/08/1953,Valeri,Danley,F,20/03/1986
10479,27/01/1959,Duro,Coney,F,28/02/1987
11455,13/10/1959,Jianhui,Wolniewicz,M,14/08/1994
10228,21/04/1953,Karoline,Cesareni,F,26/08/1991
11879,14/11/1957,Heping,Garigliano,M,10/12/1987
11802,18/01/1956,Katsuo,Benzmuller,F,12/04/1988
10646,24/11/1957,Uri,Chorvat,M,07/08/1988
11185,10/04/1954,Aloys,Baezner,M,26/01/1995
11376,10/03/1952,Valery,Suomi,M,14/03/1986
10818,20/12/1958,Huan,Monarch,M,22/10/1995
11010,20/03/1963,Jaques,Narwekar,F,18/12/1986
11676,12/04/1952,Valeri,Ferriere,F,16/03/1985
10617,26/01/1955,Hidekazu,Angel,F,29/03/1985
11132,01/08/1952,Kristin,Harnett,M,30/08/1994
10005,21/01/1955,Kyoichi,Maliniak,M,12/09/1989
11148,23/01/1953,Zhanqiu,Botman,F,06/07/1985
10621,03/02/1962,Hinrich,Siepmann,F,23/06/1991
11183,26/06/1960,Herbert,Serdy,M,28/12/1990
11134,15/05/1954,Sachar,Rajcani,F,26/05/1988
10127,24/02/1952,Subir,Baja,F,14/01/1989
11143,06/03/1955,Yongdong,Rosen,M,09/05/1996
10861,27/02/1962,Howell,Baek,M,10/06/1989
11814,16/09/1954,Manohar,Shinomoto,F,08/06/1993
11891,16/06/1960,Hyuncheol,Bail,M,20/03/1991
11753,07/12/1963,Fayez,Nishimukai,F,16/11/1985
10031,27/01/1959,Karsten,Joslin,M,01/09/1991
11198,12/05/1963,Leif,Gini,M,07/02/1988
10484,30/08/1961,Nirmal,Varley,F,31/10/1995
11492,02/07/1962,Menkae,Mikschl,X,15/03/1994
11252,04/11/1959,Rutger,Dulin,M,15/01/1986
11764,22/04/1953,Sanjay,Anick,F,25/04/1988
10785,09/02/1963,Keiichiro,Marzano,M,11/11/1994
11293,12/10/1958,Naftali,Birge,F,08/08/1992
11444,17/11/1963,Sangeeta,Leuchs,M,01/01/1992
11448,19/01/1960,Yolla,Biron,M,26/08/1995
10263,08/02/1961,Takahiro,Waterhouse,M,05/02/1994
11816,26/04/1964,Masako,Besselaar,M,05/08/1991
11846,24/04/1954,Fai,Perly,F,21/11/1993
11417,20/11/1954,Anneli,Cyne,M,15/05/1990
10766,10/06/1964,Nathalie,Standera,M,05/08/1996
11692,02/07/1956,Rance,Provine,X,20/04/1989
11605,26/05/1961,Arno,Genther,M,22/05/1987
11484,08/04/1959,Holgard,Siepmann,M,22/01/1995
10750,14/06/1953,Roddy,Demeyer,F,04/08/1991
11765,17/08/1955,Zorica,Junet,F,04/07/1991
11848,19/09/1958,Amabile,Haumacher,M,24/11/1993
10429,13/02/1952,Martien,Improta,F,09/03/1986
10224,17/05/1954,Leon,Trogemann,M,09/01/1988
11590,12/10/1961,Adel,Eppinger,M,26/06/1997
10469,22/12/1964,Munehiko,Ananiadou,M,05/06/1985
10171,11/09/1957,Herbert,Trachtenberg,M,22/07/1989
10340,20/08/1952,Djelloul,Laventhal,M,05/06/1987
10159,03/03/1955,Serif,Buescher,M,29/05/1991
10654,17/03/1960,Nahla,Castellani,F,28/05/1987
10744,17/02/1957,Yaghout,Syang,M,29/12/1985
10432,06/11/1953,Hisao,Tiemann,F,30/04/1985
10683,18/06/1952,Guiseppe,Stranks,F,07/09/1993
10527,15/09/1964,Tetsushi,Barvinok,X,25/01/1996
11304,01/03/1959,Rajmohan,Azadmanesh,F,10/09/1991
10632,05/04/1960,Yoshimitsu,Velardi,F,25/07/1985
10272,30/11/1954,Yishai,Cannane,M,23/05/1988
10437,07/07/1956,Narain,Reeker,F,12/04/1996
10796,30/06/1959,Khoa,Rousseau,M,08/11/1990
11346,25/04/1962,Jungsoon,Fiebach,M,27/10/1988
10809,06/01/1962,Shim,Feldhoffer,F,04/03/1987
11211,11/12/1952,Yurij,Rissland,M,17/09/1985
11315,21/04/1955,Neven,Meriste,M,17/07/1999
10555,25/09/1962,Vitaly,Picci,M,06/11/1989
11839,24/10/1962,Navid,Falck,M,12/12/1988
10125,13/09/1957,Syozo,Hiltgen,X,26/10/1990
10177,08/11/1954,Pragnesh,Iisaka,M,06/02/1993
11503,01/08/1953,Nathan,Picht,F,25/01/1993
11157,01/02/1965,Mario,Cochrane,M,30/03/1985
10037,22/07/1963,Pradeep,Makrucki,M,05/12/1990
10461,26/10/1956,Gal,Karcich,M,03/08/1987
10849,05/03/1953,Makato,Mayerwieser,M,25/06/1995
1097C,24/08/1962,Gen,Tiemann,F,16/09/1994
10105,05/02/1962,Hironoby,Piveteau,M,23/03/1999
10023,29/09/1953,Bojan,Monte_Mayor,F,17/12/1989
11070,30/06/1952,Adib,Raney,M,24/07/1985
10770,18/06/1956,Bedir,Perry,F,25/12/1987
11095,31/12/1961,Nathan,Flowers,M,28/05/1994
11923,17/07/1957,Breannda,Gustavson,F,04/07/1994
11667,15/05/1955,Kristian,Marchegay,F,08/09/1990
10240,01/04/1952,Remko,Maccarone,M,06/10/1998
10401,25/04/1962,Eckart,Barriga,M,05/04/1991
10132,15/12/1956,Ayakannu,Skrikant,M,30/10/1994
10261,25/12/1959,Mang,Erie,M,20/10/1993
10868,11/05/1959,Houman,Unno,F,20/03/1990
10582,08/05/1960,Shmuel,Juneja,M,22/06/1986
10390,07/03/1960,Wanqing,Bratten,M,17/05/1989
10300,12/07/1960,Tadahiko,Ulupinar,F,17/05/1991
10810,23/10/1957,Lijie,Lunn,F,07/09/1994
10210,24/01/1958,Yuping,Alpin,X,10/05/1994
11907,02/08/1958,Takahito,Cromarty,M,27/02/1992
11982,21/01/1957,Marsha,Hasenauer,M,17/12/1985
11384,17/12/1962,Jaana,Veccia,F,03/06/1994
10915,11/03/1961,Valery,Skafidas,M,06/12/1987
11553,14/01/1960,Toshimitsu,Aloia,M,21/01/1991
10421,22/03/1959,Divine,Marzano,M,12/09/1989
10886,30/09/1964,Sushant,Begiun,M,26/03/1995
11374,25/01/1960,Remzi,Matzat,F,12/12/1993
11693,15/02/1952,Hideo,Coorg,M,13/03/1989
10331,12/08/1961,Arto,Binkley,M,06/04/1985
10470,12/04/1956,Peternela,Iwayama,M,01/06/1988
11097,18/12/1957,Jovan,Rissanen,F,28/01/1989
11944,15/05/1952,Along,Aumann,M,14/06/1991
11061,11/11/1954,Pintsang,Erni,M,19/02/1993
11158,23/02/1952,Masaki,Hagimont,M,20/04/1996
11714,04/09/1961,Menkae,Bultermann,M,05/11/1989
11507,27/01/1956,Kristian,Cangellaris,M,19/05/1994
10246,23/06/1962,Basem,Teitelbaum,M,12/07/1987
10003,03/12/1959,Parto,Bamford,M,28/08/1986
10744,17/02/1957,Yaghout,Syang,M,29/12/1985
10025,31/10/1958,Prasadram,Heyers,M,17/08/1987
10718,19/12/1955,Adib,Rullman,M,21/07/1988
10932,19/11/1955,Avishai,Picci,F,09/09/1994
11442,01/05/1956,Leucio,Rindone,F,22/06/1987
11023,08/01/1964,Yifei,Driscoll,M,12/06/1990
11371,17/05/1956,Tadahiko,Masamoto,M,25/12/1988
10542,05/01/1955,Yannis,Couchot,F,28/03/1989
10663,09/01/1965,Teunis,Noriega,M,23/01/1993
10119,01/12/1960,Domenick,Peltason,X,14/03/1986
10548,12/06/1952,Ramalingam,Gunderson,M,04/05/1986
10168,11/09/1964,Dharmaraja,Stassinopoulos,M,06/12/1986
10552,25/03/1953,Kazuhito,Shiratori,M,18/08/1998
10909,11/11/1954,Georgi,Atchley,M,21/04/1985
10269,07/10/1959,Taizo,Oxman,F,24/07/1988
10901,12/06/1959,Chrisa,Narahara,M,30/10/1992
10490,28/09/1961,Huiqun,Vuskovic,F,07/10/1992
10803,15/05/1952,Katsuyuki,Velasco,F,20/04/1988
11156,13/04/1954,Tomoyuki,Armand,M,07/09/1995
11658,13/04/1961,Hongzue,Streng,M,03/01/1992
11655,28/10/1963,Gift,Broomell,M,05/03/1985
11890,23/10/1959,Remmert,Kirkerud,M,09/02/1990
11827,07/02/1956,Gretta,Rando,M,09/09/1991
10752,18/07/1964,Byong,Conde,M,28/05/1993
10175,11/01/1960,Aleksandar,Ananiadou,F,11/01/1988
10310,29/08/1964,Aksel,Alencar,M,24/10/1990
10657,09/03/1958,Juichirou,Kitsuregawa,M,1989-12-45
10055,06/06/1956,Georgy,Dredge,M,27/04/1992
11145,14/01/1954,Jinxi,Baak,F,06/02/1990
10152,01/12/1954,Jaques,Munro,F,27/01/1986
10828,12/10/1962,Godehard,Gammage,M,14/02/1986
10328,28/06/1955,Serenella,Kawashima,M,16/01/1994
11408,13/01/1961,Shahab,Serot,F,28/05/1995
10492,03/04/1957,Lobel,Kumaresan,M,24/04/1988
11893,06/07/1959,Vitali,Zobel,M,11/11/1995
11450,12/04/1964,Wanqing,Glinert,M,04/06/1987
10285,21/09/1956,Zhonghui,Preusig,F,27/02/1995
10919,04/09/1961,Reinhard,Lindenbaum,M,19/04/1987
11258,12/10/1953,Aris,Maccarone,F,28/03/1991
10792,04/09/1962,Chinya,Birdsall,M,10/08/1985
11101,31/10/1961,Manibrata,Horswill,M,26/06/1992
10772,21/01/1956,Munehiro,Dayana,M,29/06/1987
11857,03/12/1955,Divier,Farrag,F,27/08/1986
11661,05/02/1963,Candida,Moffat,M,24/08/1995
11391,26/03/1963,Jouko,Antonakopoulos,M,14/10/1994
11441,16/11/1954,Marlo,Aingworth,M,27/03/1987
11380,23/04/1952,Kenroku,Pelc,M,03/03/1988
11495,02/01/1964,Shin,Barriga,M,13/09/1989
10821,14/04/1959,Irena,Schurmann,M,12/03/1987
10282,27/11/1953,Hercules,Benzmuller,M,04/06/1986
10195,13/11/1963,Annemarie,Redmiles,M,15/02/1985
10721,12/07/1964,Bernd,Redmiles,F,17/03/1995
11425,20/11/1955,Renee,Crelier,M,27/08/1990
11065,12/06/1957,Filipe,Rathonyi,M,14/11/1985
10613,04/11/1960,Inderjeet,Jansen,M,01/09/1990
11249,01/10/1954,Randi,Cyre,M,29/08/1985
10832,29/08/1964,Hidde,Bergere,F,11/10/1986
10551,07/10/1963,Jeong,Rijsenbrij,M,06/08/1988
10686,25/05/1963,Avishai,Azadmanesh,F,17/05/1987
10145,30/03/1956,Akemi,Esposito,F,01/08/1987
10292,27/01/1963,Yucel,Ghelli,F,05/06/1989
11298,08/08/1956,Jiong,Alvarado,M,13/12/1991
11757,22/05/1964,Jackson,Meriste,F,07/04/1987
11527,06/02/1952,Alagu,Boyle,M,03/07/1988
10767,28/02/1954,Monique,Doering,F,17/06/1987
11158,23/02/1952,Masaki,Hagimont,M,20/04/1996
10329,28/04/1958,Remko,Shigei,F,20/01/1986
10532,31/08/1959,Mary,Wossner,F,18/05/1986
11473,27/06/1957,Jiakeng,Eugenio,M,19/11/1986
11766,10/10/1964,Nimmagadda,Berztiss,F,27/10/1987
11234,17/06/1961,Tooru,Vingron,M,21/08/1990
10341,22/11/1960,Wilmer,Greenaway,F,29/04/1987
10978,24/09/1962,Huiqun,Bellone,M,18/05/1985
11431,05/08/1954,Youngkon,Picht,X,16/09/1985
10852,24/11/1959,Hercules,Munck,F,21/03/1996
11051,06/10/1952,Przemyslawa,Erol,F,09/08/1985
11763,19/08/1953,Yuriy,Liesche,F,08/11/1996
11862,25/01/1954,Alejandra,Deville,M,20/01/1993
11900,06/04/1961,Tse,Ermel,M,26/05/1990
11934,06/11/1958,Diederik,Deville,M,03/11/1993
10053,13/09/1954,Sanjiv,Zschoche,F,04/02/1986
11007,16/03/1962,Olivera,Maccarone,M,11/04/1991
10602,27/11/1959,Douadi,Wossner,M,12/03/1988
11906,26/04/1955,Hideo,Boguraev,F,30/03/1987
10399,13/06/1957,Guenter,Marchegay,F,07/05/1985
10642,19/12/1955,Hirochika,Narlikar,M,06/08/1986
11367,07/12/1962,Christophe,Slobodova,X,21/11/1989
10601,23/10/1959,Barton,Usdin,M,29/08/1994
11203,24/06/1952,Sakthirel,Yetto,M,06/01/1988
11025,21/03/1960,Heekeun,Delgrange,M,06/11/1989
10477,07/12/1952,Guoxiang,Trogemann,F,04/03/1989
11509,18/06/1954,Aleksander,Feldhoffer,M,12/11/1987
11491,13/12/1960,Maha,Matteis,M,08/11/1988
10725,22/10/1958,Garnet,Isard,M,08/09/1990
11852,17/07/1963,Zhongwei,Yurek,M,11/01/1989
11955,17/10/1964,Domenico,Eastman,M,01/09/1987
10155,07/12/1959,Adas,Nastansky,M,05/01/1990
10280,29/10/1964,Stabislas,Delgrange,M,18/03/1988
11472,18/04/1961,Constantino,Ghandeharizadeh,M,30/04/1990
11725,04/03/1956,Shahaf,Zeilberger,F,15/09/1988
11104,06/05/1961,Hein,Swan,M,20/09/1993
11164,18/01/1961,Alain,Limongiello,M,29/06/1987
11064,10/08/1952,Shawna,Vieri,X,28/02/1990
10226,28/12/1964,Xinglin,Plessier,M,27/10/1989
10788,28/06/1963,Frazer,Ullian,M,13/12/1993
10320,22/06/1956,Uinam,Stasinski,F,03/11/1988
11851,28/12/1961,Suvo,Copas,M,04/05/1991
11902,19/04/1964,Subhash,Garnham,F,21/06/1987
10274,23/08/1957,Dmitri,Pearson,F,21/04/1991
11459,14/10/1953,Duke,Suomi,M,03/05/1986
11963,19/11/1961,Kensyu,Gopalakrishnan,M,17/09/1989
11119,09/07/1955,Ramzi,Luga,F,21/06/1994
11720,10/08/1957,Abdulla,Heusch,F,24/08/1990
10569,03/12/1962,Sreenivas,Bashian,M,13/03/1987
11067,01/05/1960,Vatsa,Rousseau,F,10/05/1987
11809,17/09/1957,Anneli,Bennis,M,12/03/1985
10885,06/05/1953,Rayond,Cronau,M,19/08/1991
10B04,20/02/1964,Terresa,Benantar,M,18/04/1996
11679,23/12/1960,Bedrich,Denna,M,02/01/1991
11727,12/12/1961,Baziley,Felcyn,M,07/03/1992
10696,23/03/1952,Unal,Fendler,M,09/09/1991
11867,08/10/1960,Basim,Bhattacharjee,M,02/11/1985
11141,20/08/1957,Vasiliy,Kermarrec,F,28/12/1989
11235,13/11/1964,Larisa,Schueller,F,31/05/1988
11336,25/04/1963,Kazuhisa,Gewali,M,05/06/1998
11555,05/08/1955,Kotesh,Perfilyeva,M,14/10/1986
11829,01/08/1952,Chaosheng,Pettis,X,17/02/1999
11197,11/05/1955,Tadahiro,Fordan,M,13/04/1986
11053,30/03/1957,Sampalli,Brobst,M,06/04/1992
11750,16/08/1956,Mong,Dalphin,X,07/08/1993
10332,05/11/1961,Masanao,Bain,F,08/06/1988
11613,06/02/1956,Lijia,Marchesini,M,19/12/1986
11594,30/01/1962,Pradeep,Butner,M,28/05/1991
10947,29/09/1954,Gor,Usery,F,16/11/1995
10305,30/06/1952,Hirochika,Piancastelli,M,31/10/1988
11895,09/05/1964,Flemming,Schreiter,M,29/01/1990
10010,01/06/1963,Duangkaew,Piveteau,F,24/08/1989
10129,02/12/1955,Armond,Peir,M,10/12/1985
11105,17/12/1956,Holgard,McAlpine,M,13/01/1990
10071,21/01/1958,Hisao_,Lipner,M,01/10/1987
11329,01/03/1956,Limsoon,McConalogue,F,02/05/1987
11707,18/07/1964,Tooru,Hettesheimer,M,07/12/1987
10782,18/09/1952,Kish,Perna,F,21/10/1991
11563,05/11/1958,Teruyuki,Tetzlaff,M,10/12/1988
11363,27/04/1962,Jenwei,Milicia,M,16/03/1986
10935,09/08/1961,Morris,Famili,M,09/03/1990
11003,13/11/1960,Mariangiola,Gulla,M,24/05/1987
10599,15/10/1956,Seshu,Crelier,F,17/03/1989
10976,27/01/1963,Hitomi,Valette,F,06/12/1992
10826,06/12/1952,Arnd,Anandan,M,22/01/1993
10455,17/12/1963,Sverrir,Streng,F,14/02/1989
10198,28/05/1953,Pranav,Furedi,M,31/08/1985
11801,22/11/1953,Tommaso,Dayang,M,05/09/1990
10573,23/02/1964,Tetsushi,Speel,F,07/07/1993
10925,13/02/1960,Heng,Waterhouse,F,04/09/1986
10184,22/05/1957,Mihalis,Lowrie,M,29/10/1987
11850,23/10/1964,Bikash,Maginnis,M,10/02/1991
11191,20/10/1963,Prade3p,Crooks,M,28/04/1990
10996,01/02/1955,Matk,Rahimi,F,07/02/1990
10211,05/08/1964,Vishu,Strehl,F,18/11/1989
11808,03/09/1962,Morrie,Rosiles,F,17/05/1986
11621,23/04/1956,Ottavia,Baaleh,M,17/11/1986
10505,04/02/1964,Isamu,Auria,M,23/07/1985
10812,14/09/1957,Berthier,Menhoudj,F,11/08/1987
10939,13/07/1964,Matk,Akazan,X,01/11/1990
11564,15/02/1958,Sastry,Verspoor,M,12/10/1989
11577,11/01/1953,Mayumi,Deyuan,M,23/09/1992
11597,10/04/1955,Yongdong,Talmon,M,01/02/1990
10794,26/06/1962,Teunis,Berztiss,M,29/03/1992
11014,22/09/1959,Baoqiu,Vecchi,M,23/08/1994
11274,08/09/1954,Masanao,Nicolson,F,08/10/1989
10697,09/04/1958,Bluma,Hiltgen,M,04/03/1998
11289,20/03/1953,Chuanti,Cherinka,M,22/02/1989
10999,04/12/1961,Insup,Benveniste,F,05/03/1996
10956,02/02/1955,Arno,Picel,M,29/06/1992
11584,20/03/1956,Pradeep,Waymire,F,20/06/1985
10584,12/07/1961,Mana,Papastamatiou,M,17/02/1986
12000,09/11/1957,Claudi,Angelov,M,12/01/1989
11557,22/12/1959,Candido,Pesch,F,18/08/1998
10862,19/01/1956,Zhenbing,Kadhim,F,23/07/1985
11536,07/10/1959,Mahmut,Pintelas,F,06/09/1991
11664,27/08/1955,Oksana,Brizzi,F,07/09/1990
10819,19/02/1957,Pascal,Sooriamurthi,M,02/08/1986
11463,06/08/1960,Rajmohan,Kamber,F,17/05/1992
11770,26/08/1955,Arumugam,Jakobus,F,29/11/1992
10463,20/05/1954,Ung,Zaiane,M,25/12/1987
10339,27/08/1957,Teunis,Liedekerke,M,30/11/1989
10638,04/11/1960,Jenwei,Borovoy,M,19/05/1991
11098,11/09/1953,Arnd,Covnot,F,02/04/1990
11844,30/10/1953,Shawna,Demeyer,M,27/01/1988
11497,20/01/1957,Bodh,Brodie,F,30/04/1992
10955,24/02/1959,Urs,Danley,F,27/09/1986
11215,30/03/1959,Rimon,Sury,F,17/10/1992
11549,25/09/1961,Guoxiang,Juneja,M,06/05/1985
11521,14/06/1952,Eldridge,Eastman,F,17/10/1995
10687,25/07/1961,Leon,Kaiser,F,13/03/1990
10558,08/10/1964,Hisao,Famili,M,06/04/1990
11350,22/10/1956,Zito,Moehrke,M,21/07/1985
10912,27/07/1952,Oscal,Fasbender,M,23/04/1986
11201,20/05/1952,Jouko,Masaki,M,31/10/1995
11645,21/04/1957,Olivera,Setia,M,10/06/1985
10723,14/01/1964,Eckart,Harnett,F,26/05/1993
10256,02/12/1960,Irene,Radhakrishnan,M,12/10/1985
10412,26/02/1958,Masoud,Fabrizio,F,06/05/1986
11409,02/05/1958,Martial,Siepmann,F,23/11/1996
10916,03/01/1962,Make,Spataro,M,01/07/1996
10734,06/07/1954,Sachar,Erdi,M,03/04/1985
10839,02/04/1964,Gurbir,Katiyar,M,05/10/1991
11269,02/04/1962,Garnik,Slutz,M,22/11/1992
11265,07/04/1962,Marco,DasSarma,M,01/05/1987
11299,06/02/1961,Christfried,Tokunaga,M,27/04/1985
10349,29/04/1954,Oksana,Brodie,F,28/09/1991
11736,21/08/1953,Shugo,Uchoa,M,25/03/1990
11807,25/12/1955,Chriss,Binding,F,11/07/1992
10587,04/03/1962,Behnaam,Srimani,F,20/09/1989
10572,10/10/1960,Cordelia,Axelband,X,16/02/1988
11085,08/09/1953,Hailing,Thummel,M,27/11/1986
10363,28/11/1953,Toshiki,Muniz,X,11/09/1985
10717,27/01/1956,Serap,Tasistro,M,27/06/1987
10854,11/08/1954,Jagoda,Nannarelli,M,13/07/1998
10820,12/11/1956,Baocai,Pena,F,23/02/1986
10190,11/12/1964,Arve,Fairtlough,F,23/06/1986
10640,09/11/1958,Anneke,Meszaros,M,04/12/1992
11406,11/04/1955,Eberhardt,Gini,F,13/03/1989
11938,14/01/1954,Aruna,Verspoor,M,15/07/1994
11302,20/06/1955,Shem,Senzako,M,01/07/1991
11040,07/11/1961,Cristinel,Denna,F,22/01/1988
10301,26/08/1962,Lucien,Staudhammer,M,1988-13-23
10447,24/10/1962,Ronghao,Yavatkar,F,29/12/1988
10138,24/04/1955,Perry,Shimshoni,M,18/09/1986
11447,23/07/1961,Rasiah,Billawala,M,18/09/1985
10386,09/11/1956,Eishiro,Miyakawa,F,02/08/1985
11905,11/01/1956,Sadegh,Vural,F,30/03/1987
11623,18/03/1964,Becky,Jullig,M,05/03/1990
11711,15/06/1959,Xianlong,Kuzuoka,M,28/07/1989
10034,29/12/1962,Bader,Swan,M,21/09/1988
11911,08/07/1952,Ashish,Mondadori,M,05/06/1990
10637,11/07/1954,Heejo,Frolund,M,11/07/1993
10393,24/03/1958,Yagil,DasSarma,M,23/06/1989
11043,04/03/1961,Iara,Range,M,25/06/1993
10095,03/01/1965,Hilari,Morton,M,15/07/1986
11365,17/11/1953,Toshimi,Shinomoto,M,02/04/1988
10651,31/12/1958,Zijian,Maginnis,M,07/08/1985
10607,30/11/1964,Rosalyn,Hambrick,F,18/06/1990
11717,11/06/1956,Mona,Chaudhury,F,10/09/1990
10887,16/01/1953,Lunjin,DeMori,M,16/03/1989
10522,24/07/1955,Marke,Cesareni,F,12/12/1986
102L1,01/07/1958,Ortrud,Murillo,M,12/06/1988
10811,29/06/1954,Ashish,Fortenbacher,M,08/07/1997
10062,02/11/1961,Anoosh,Peyn,M,30/08/1991
10945,25/09/1959,Kazuhiro,Kushnir,F,04/07/1990
11849,06/05/1958,Chenye,Homond,M,27/08/1991
11056,24/10/1955,Palash,Speel,F,19/08/1992
11738,13/12/1954,Tadahiro,Lichtman,M,19/06/1986
10061,19/10/1962,Tse,Herber,M,17/09/1985
10338,12/02/1961,Heon,Ranai,M,01/09/1988
10220,25/05/1958,Kish,Fasbender,F,25/06/1992
10364,21/09/1954,Nakhoon,Dengi,M,14/11/1985
10731,17/11/1952,Fumitaka,Peak,M,20/02/1987
10525,29/03/1963,Yuchang,Lunt,M,08/07/1990
10801,05/03/1953,Uinam,Zschoche,M,27/06/1994
11740,21/05/1962,Isaac,Pero,M,03/09/1986
11189,07/03/1953,Dante,Bodoff,F,07/09/1991
10207,28/05/1955,Girolamo,Anandan,F,11/10/1992
11841,21/04/1955,Elvia,Bugrara,M,07/09/1992
11992,17/01/1958,Shahid,Ranai,M,02/09/1988
11540,26/01/1954,Chanjung,Portugali,M,09/02/1993
10281,13/05/1953,Moty,Kusakari,M,03/12/1994
11287,16/08/1963,Sreenivas,Farrag,M,12/08/1987
10907,26/09/1963,JiYoung,Luks,M,25/12/1988
10664,02/06/1962,Xumin,Peck,M,24/12/1989
10396,21/08/1955,Sibyl,Rahier,M,11/01/1986
11379,14/10/1961,Guiseppe,Chenoweth,M,24/06/1994
10268,03/06/1958,Nishit,Siochi,M,17/12/1986
11131,18/02/1964,Weiye,Zambonelli,M,07/07/1993
10436,17/06/1963,Yahiko,Lammel,M,30/01/1988
11769,17/07/1953,Chandrasekaran,Lampe,M,15/02/1988
10107,13/06/1956,Dung,Baca,F,22/03/1994
11005,12/03/1958,Byong,Douceur,F,27/07/1986
10757,11/01/1961,Florina,Simkin,M,06/01/1986
11796,24/05/1963,Sachem,Egerstedt,M,23/01/1989
11471,24/03/1961,Subhada,Champarnaud,F,26/04/1987
10453,19/07/1953,Tsvetan,Matzel,F,02/04/1985
11254,14/12/1954,Danel,Rindone,X,19/12/1998
10577,20/09/1957,Ennio,Schmiedel,M,18/08/1990
11783,19/06/1959,Mihalis,Macedo,F,14/07/1994
10333,27/04/1953,Snehasis,Dymetman,M,16/01/1993
10565,05/11/1961,Yishay,Harnett,M,09/01/1992
11784,15/01/1958,Sastry,Bael,M,07/12/1995
11935,23/03/1963,Aamer,Jayawardene,M,26/10/1996
10476,01/01/1965,Kokou,Iisaka,M,20/09/1987
11887,25/05/1957,Marke,Kragelund,M,17/10/1994
11984,04/06/1962,Vasilii,Luit,F,15/02/1990
10547,12/05/1963,Snehasis,Brobst,M,14/02/1988
10580,28/05/1956,Christoper,Rehfuss,M,11/09/1987
10426,28/12/1955,Arunas,Luce,N,06/07/1985
10191,08/04/1959,Zdislav,Nastansky,M,10/04/1986
11415,29/10/1953,Sanjiv,Anido,M,03/03/1987
11896,14/06/1953,Shaunak,Benzmuller,M,04/07/1990
10101,15/04/1952,Perla,Heyers,F,28/12/1992
10550,03/08/1959,Manton,Leuchs,M,03/02/1985
11682,13/03/1963,Dante,Zumaque,M,27/11/1986
11576,20/06/1961,Lakshmi,Demizu,M,25/11/1986
10495,24/05/1961,Anyuan,Zhiwei,F,29/09/1985
10400,16/12/1961,Ortrud,Nitto,M,17/10/1993
11579,01/06/1962,Jinxi,Merel,F,25/04/1988
10847,04/03/1952,Theirry,Danley,M,25/07/1986
10841,14/10/1961,Pranav,Lieberherr,M,21/04/1990
11919,20/01/1959,Hyuncheol,Hedayat,F,28/10/1990
10688,28/02/1964,Xiaopeng,Lanphier,F,25/03/1985
10751,02/12/1952,Jordanka,Ushiama,M,15/04/1987
11239,27/02/1957,Gurbir,Kenevan,X,25/06/1985
11785,15/12/1960,Hongzhu,Kalsbeek,M,19/02/1987
10520,06/03/1964,Jenwei,Ecklund,M,27/03/1994
11995,30/01/1962,Lenore,Comyn,M,26/07/1986
11933,15/08/1953,Basil,Erman,M,13/06/1987
11117,29/06/1958,Bluma,Kavvadias,M,22/08/1944
10701,30/09/1961,Hyuncheol,Zolotykh,M,27/10/1986
10707,04/06/1957,Moty,Trystram,M,24/12/1990
10616,05/05/1958,Tommaso,Marwedel,F,10/03/1988
10597,07/05/1961,Lucien,Schaad,F,01/04/1990
10435,12/10/1957,Marsha,Tagansky,M,19/12/1986
11355,12/09/1962,Shim,Gecsei,M,29/11/1993
10590,01/10/1963,Yongqiao,Kalloufi,M,09/04/1986
11488,18/11/1962,Houman,Veldwijk,M,25/08/1987
10620,23/11/1959,Marit,Veeraraghavan,M,10/11/1990
10033,14/11/1956,Arif,Merlo,M,18/03/1987
11083,09/07/1954,Shimshon,Ducloy,M,27/11/1989
11128,16/06/1956,Shunichi,Pusterhofer,F,04/10/1988
11314,28/12/1958,Vasiliy,Jenevein,F,10/04/1990
10816,24/02/1958,Morris,Caine,F,27/06/1989
11988,10/08/1953,Chinya,Chinin,F,03/11/1985
11416,18/12/1957,Zijian,Oxman,M,21/09/1987
11702,22/01/1956,Radhia,Kriebel,X,18/09/1988
11012,12/09/1953,Taegyun,Speckmann,F,28/12/1986
11868,02/03/1954,Kwee,Demke,M,08/12/1989
11073,28/05/1959,Yuriy,Clemencon,M,18/08/1986
11151,27/06/1958,Gor,Reinhard,M,20/03/1985
11854,11/02/1959,Fabrizio,Gire,F,30/06/1992
10143,16/07/1961,Sakthirel,Bakhtari,M,30/09/1988
10622,15/09/1959,Turgut,Narlikar,M,28/01/1989
10893,30/01/1960,Danil,Kropatsch,M,23/08/1989
11724,06/06/1960,Falguni,Hammerschmidt,F,03/09/1985
10626,26/06/1957,Danil,Deverell,M,03/12/1996
11370,21/12/1956,Marek,Erie,M,22/08/1989
10445,10/01/1957,Junichi,Kavanagh,X,04/11/1987
10533,25/06/1963,Mohamadou,Smailagic,F,31/10/1986
11103,10/12/1960,Sanjai,Penttonen,M,15/03/1989
10765,24/02/1961,Goetz,Norsworthy,M,07/05/1994
11152,13/11/1962,Georgy,Walstra,F,18/02/1988
10004,01/05/1954,Chirstian,Koblick,M,01/12/1986
10315,03/08/1956,Maris,Angelopoulos,M,28/08/1987
11440,07/12/1964,Lubomir,Jahnichen,X,06/11/1987
10653,16/06/1953,Otmar,Feinberg,M,30/04/1987
11223,10/11/1958,Weicheng,Crelier,M,16/05/1985
11218,03/06/1953,Kirk,Hemaspaandra,M,06/04/1994
11519,26/11/1954,Halsur,Chinen,F,09/11/1989
11654,04/06/1961,Jianhui,Zwicker,M,24/12/1988
10519,28/12/1955,Yonghoan,Alencar,F,22/03/1986
10905,30/04/1961,Jianhui,Aloia,M,28/02/1985
10409,28/08/1958,Mario,Straney,M,09/07/1997
11327,20/07/1959,Irena,Krohm,M,02/05/1990
10842,29/08/1961,Berni,Sanella,F,14/07/1986
10442,09/09/1955,Volkmar,Unno,M,13/03/1988
10131,19/02/1952,Magdalena,Eldridge,M,17/11/1994
10007,23/05/1957,Tzvetan,Zielinski,F,10/02/1989
11616,12/07/1954,Zhilian,Brendel,F,15/01/1991
10027,10/07/1962,Divier,Reistad,F,07/07/1989
11624,16/05/1955,Adil,Gammage,X,05/04/1988
11294,11/06/1954,Tru,Segond,F,13/06/1989
11916,15/03/1956,Fatemeh,Redmiles,M,22/07/1988
11412,25/02/1963,Werner,Demeyer,M,08/06/1987
10618,03/08/1963,Ranga,Yeung,F,27/11/1988
10011,07/11/1953,Mary,Sluis,F,22/01/1990
10962,23/08/1956,Naraig,Kugler,F,16/12/1986
11248,08/11/1956,Uinam,Tsukuda,M,03/02/1997
11340,04/12/1952,Aris,Bala,M,11/09/1991
11723,22/12/1962,Halsur,Bauknecht,F,26/09/1992
11756,24/02/1955,Abdelwaheb,Vakili,M,17/10/1996
10643,25/07/1957,Slavian,Keirsey,M,11/11/1987
10366,25/01/1960,Morrie,Piazza,M,11/04/1994
10064,07/04/1959,Udi,Jansch,M,20/11/1985
10236,26/03/1960,Susumu,Bade,F,30/08/1996
11652,20/10/1964,Jeanne,Beutelspacher,F,07/06/1988
10397,11/11/1955,Irena,Reutenauer,M,21/05/1993
11278,15/12/1956,Sumali,Juneja,M,22/04/1986
10882,01/11/1953,Fun,Heuser,M,29/11/1994
10806,17/10/1958,Giap,Matzel,M,25/04/1993
10570,30/10/1958,Alassane,Morrin,M,05/05/1985
11748,07/03/1953,Lihong,Massonet,M,20/12/1992
11405,22/09/1960,Clyde,Kobuchi,F,14/04/1993
11701,15/05/1960,Doowon,Ermel,X,10/10/1989
10871,24/10/1952,Aram,Gilg,M,15/02/1989
10308,14/03/1961,Dzung,Holburn,F,29/12/1992
11607,03/12/1953,Tomokazu,Foong,F,12/09/1987
10036,10/08/1959,Adamantios,Portugali,M,03/01/1992
11830,01/12/1956,Maya,Snedden,F,15/07/1986
10273,29/08/1962,Baocai,Lieblein,M,06/11/1985
11494,27/07/1959,Neelam,Kabayashi,X,14/02/1991
11706,17/06/1961,Tesuya,Remmers,X,02/02/1996
11288,23/03/1953,Domenico,Eastman,F,22/01/1989
11751,02/02/1953,Jiafu,Emiris,M,03/11/1988
10060,15/10/1961,Breannda,Billingsley,M,02/11/1987
10017,06/07/1958,Cristinel,Bouloucos,F,03/08/1993
11715,08/12/1959,Arnd,Albarhamtoshy,F,11/03/1989
10733,06/04/1962,Sangeeta,Rodham,F,20/02/1996
11482,16/10/1964,Uri,Deverell,F,03/04/1991
11825,12/12/1961,Theirry,Kuzuoka,F,02/05/1987
11445,02/01/1963,Lijie,Denny,M,25/04/1997
11562,22/06/1953,Rimli,Alencar,M,30/06/1988
10950,07/12/1958,Sushant,Staylopatis,M,08/06/1996
11550,27/08/1962,Divine,Georgakopoulos,M,16/12/1997
11969,27/08/1957,Sibyl,Lorcy,M,27/09/1994
11386,27/09/1954,Alselm,Assaf,F,30/11/1987
11206,14/07/1954,Steen,Sury,X,07/05/1993
11669,03/03/1957,Leah,Anguita,M,07/04/1986
10277,15/08/1964,Isaac,Schwartzbauer,M,16/06/1985
10493,12/01/1962,Maris,Haraldson,M,16/05/1992
11804,1258-02-28,Bikash,Rusterholz,M,16/09/1986
11413,09/06/1961,Yannik,Murillo,M,04/05/1987
10379,02/03/1957,Mikhail,Rosis,M,15/07/1996
11691,08/01/1959,Pragnesh,Borovoy,M,04/04/1989
10975,27/07/1962,Peternela,Birnbaum,F,31/10/1986
11502,24/03/1959,Zhaofang,Cochrane,X,04/06/1991
10166,10/05/1953,Samphel,Siegrist,F,01/01/1993
11878,06/10/1960,Oldrich,Henders,F,20/03/1990
10456,24/01/1963,Stepehn,Hardjono,F,25/12/1995
11789,12/05/1962,Udi,Khasidashvili,M,18/08/1989
10993,17/11/1958,Arve,Erde,F,29/05/1992
10518,23/05/1963,Marin,Lanphier,M,03/09/1993
11681,15/05/1952,Fumitake,Benzmuller,F,21/01/1987
10650,09/04/1959,Hongzhu,Chepyzhov,M,04/10/1992
11690,10/11/1953,Domenick,Raczkowsky,M,23/09/1997
10534,23/10/1964,Dinah,Bahl,M,15/01/1989
11622,14/10/1962,Moon,Ginneken,M,09/11/1990
10078,25/12/1959,Danel,Mondadori,F,26/05/1987
11110,11/12/1955,Valeska,Birjandi,F,14/11/1987
10042,26/02/1956,Magy,Stamatiou,F,21/03/1993
11501,26/03/1952,Karsten,Ranum,F,14/12/1988
10163,17/09/1952,Karsten,Szmurlo,M,19/07/1989
11084,03/07/1955,Greger,Senzako,M,31/05/1990
11378,30/07/1959,Masamitsu,Katiyar,F,03/01/1986
10764,12/01/1953,Yunming,Beetstra,F,27/11/1989
11614,06/12/1964,Moni,Peha,M,08/03/1986
10271,24/04/1962,Sham,Eastman,M,23/05/1986
11977,06/01/1956,Chandrasekaran,Dayang,F,30/05/1989
10247,30/06/1964,Heon,Riefers,F,14/08/1992
11403,12/12/1962,Baocai,Soicher,X,03/08/1989
10126,07/08/1954,Kayoko,Valtorta,M,08/09/1985
10649,25/03/1956,Vitali,Welham,M,10/09/1997
10494,21/12/1953,Yakkov,Servieres,F,18/01/1986
10174,15/05/1959,Badri,Furudate,M,01/06/1987
10760,27/05/1963,Phillip,Dratva,M,15/06/1994
11337,31/07/1964,Hercules,Brendel,F,20/11/1994
11968,13/08/1964,Mitchel,Dayang,M,15/02/1993
11865,08/01/1957,Kasturi,Rodham,M,24/05/1994
10343,01/11/1954,Dinah,Syrzycki,M,14/10/1993
11339,05/06/1954,Flemming,Massonet,M,09/05/1987
10949,14/08/1953,Shigeichiro,Wroclawski,F,13/03/1990
10009,19/04/1952,Sumant,Peac,F,18/02/1985
10290,29/05/1957,Yongmao,Pleszkun,M,18/09/1991
10089,21/03/1963,Sudharsan,Flasterstein,F,12/08/1986
10866,13/12/1959,Fayez,Yeung,F,27/12/1990
11373,29/07/1953,Yongmao,Keohane,F,28/10/1989
11822,30/08/1954,Sastry,Madeira,F,26/05/1989
11877,15/06/1953,Heng,Sudkamp,F,27/01/1994
10229,10/02/1952,Ulises,Takanami,M,22/11/1987
10085,07/11/1962,Kenroku,Malabarba,X,09/04/1994
11281,14/01/1959,Vincent,Brookner,M,03/02/1988
11731,07/04/1961,Fumitaka,Gargeya,M,23/12/1993
10967,01/10/1962,Eran,Adachi,M,01/08/1993
10940,07/01/1953,Aleksander,Fioravanti,F,02/12/1994
11006,26/12/1962,Christoper,Butterworth,F,02/08/1989
11909,23/11/1956,Yuichiro,Kobuchi,M,13/02/1987
10054,04/04/1957,Mayumi,Schueller,M,13/03/1995
11002,26/02/1952,Bluma,Ulupinar,M,23/12/1996
10636,25/08/1955,Saeko,Porotnikoff,F,16/11/1994
11928,01/09/1959,Mang,Wroclawski,M,24/06/1992
10762,19/01/1965,Lech,Himler,M,21/01/1992
11106,23/02/1955,Aris,Iwayama,F,31/08/1985
10559,18/01/1956,Arumugam,Comellas,F,06/01/1988
11321,25/06/1959,Heping,Fontan,M,18/03/1995
10539,13/05/1959,Yucel,Reinhard,M,05/06/1990
10535,19/05/1961,Shalesh,Stroustrup,F,21/02/1985
10388,29/03/1953,Hironoby,Kaiser,M,24/03/1996
10334,02/04/1958,Falguni,Erie,M,28/12/1996
10462,08/04/1956,Sumali,Schlenzig,M,25/03/1996
11779,07/06/1952,Shunichi,Thombley,X,06/05/1990
10708,02/07/1959,Aral,Erman,M,18/05/1996
10791,27/05/1954,Tadahiko,Sgarro,M,30/07/1988
11351,01/01/1957,Kristina,Vasanthakumar,F,20/11/1998
11483,30/01/1959,Zine,Mateescu,M,02/12/1993
10172,25/03/1957,Shigeu,Matzen,F,13/10/1995
11062,07/11/1956,Shay,Rettelbach,F,18/10/1990
11017,23/11/1959,Jovan,Sanella,F,28/07/1992
10433,02/09/1954,Reuven,Dengi,M,14/02/1989
10091,04/10/1955,Amabile,Gomatam,M,18/11/1992
11393,17/05/1954,Junsik,Junot,M,30/04/1985
11443,30/05/1962,Szabolcs,Nivat,M,15/08/1989
10712,12/04/1952,Uma,Koprowski,F,18/08/1994
10689,13/09/1958,Satoru,Otillio,M,05/08/1988
10394,22/05/1957,Shawna,Meriste,M,14/03/1991
10434,17/07/1959,Dzung,Peltason,F,27/06/1995
11993,29/10/1955,Marit,Dalphin,M,25/06/1986
10284,08/04/1954,Masali,Murrill,F,02/07/1997
11150,13/05/1956,Geraldo,Garigliano,F,01/05/1989
10203,27/07/1955,Steen,Escriba,M,06/04/1989
10499,04/10/1953,Maik,Luft,X,23/11/1989
10319,09/03/1963,Mechthild,Miyakawa,M,15/08/1985
10376,12/02/1959,Fai,Bale,X,14/01/1989
10883,30/07/1952,Shimshon,Champarnaud,M,07/11/1987
10571,10/12/1963,Fun,Varman,M,24/02/1985
11155,08/11/1961,Moon,Yetto,F,08/09/1990
10048,11/07/1963,Florian,Syrotiuk,M,24/02/1985
11078,10/12/1959,Beshir,Chenoweth,M,07/01/1990
10102,04/11/1959,Paraskevi,Luby,F,26/01/1994
11354,01/11/1957,Tianruo,Stasinski,-,23/06/1987
10774,03/10/1958,Jacqueline,Masand,M,26/01/1990
10680,11/10/1962,Kish,Honglei,M,20/06/1986
11586,02/08/1963,Shridhar,Orsini,M,09/09/1997
11255,25/11/1957,Ortrud,Karunanithi,F,08/10/1986
10454,22/01/1961,Wonhee,Badr,M,10/04/1987
11931,30/10/1952,Gunilla,Chiodo,F,03/10/1988
10694,16/12/1955,Rildo,Straney,M,26/01/1988
11283,25/02/1964,Shmuel,Codenie,X,30/06/1987
11375,13/08/1960,Dmitri,Noriega,P,27/05/1985
11671,18/08/1957,Pranjal,Babu,F,31/12/1986
11954,02/06/1959,Hidde,Krupka,M,11/07/1988
11853,19/06/1952,Zeljko,Kusakabe,F,17/11/1988
11194,18/10/1957,Giap,Tempesti,M,25/10/1987
11666,10/07/1959,Uno,Chimia,M,21/02/1985
11228,26/12/1956,Utz,Puoti,F,19/03/1987
11418,21/03/1954,Satosi,Cooley,X,27/07/1991
11884,10/04/1963,Patricia,Moehrke,M,18/06/1998
11546,22/12/1964,Duro,Vuskovic,M,30/06/1987
10443,03/12/1952,Shichao,Litvinov,F,01/08/1989
10930,13/01/1954,Arch,Minakawa,M,09/08/1990
11730,20/08/1959,Tzu,Delaune,M,10/10/1997
10427,13/08/1958,Khosrow,Sudbeck,F,01/11/1991
11574,07/12/1960,Candida,Tyugu,M,15/06/1988
11496,20/08/1963,Toshimo,Marakhovsky,F,04/14/1986
11446,20/06/1954,Naftali,Narahara,M,09/02/1989
11700,01/03/1959,Makato,Delgrossi,F,18/09/1988
10575,29/06/1954,Theirry,Yeung,M,04/10/1988
11580,05/04/1956,Chanjung,Tanemo,M,06/07/1985
10827,25/09/1953,Willard,Danley,M,07/11/1996
10039,01/10/1959,Alejandro,Brender,M,19/01/1988
10204,09/12/1956,Nevio,Ritcey,F,04/12/1986
10543,06/10/1962,Lein,Lichtman,M,16/10/1998
10324,29/12/1957,Bernardo,Rouquie,F,19/03/1988
11547,30/03/1960,Kyoichi,Flexer,X,18/01/1991
11182,29/10/1962,Tze,Steinauer,M,31/08/1987
11271,01/09/1959,Hidde,Rajaraman,F,16/01/1987
10357,10/01/1964,Hausi,Sidhu,M,04/04/1994
11058,24/04/1962,Shigeaki,Cyre,M,07/06/1985
10735,12/09/1964,Morrie,Gewali,M,29/10/1985
11468,02/12/1955,Navin,Maksimenko,F,19/03/1996
10797,04/10/1956,Goetz,Hiyoshi,F,21/08/1988
10264,08/09/1958,Nalini,Kawashimo,F,16/07/1997
11889,11/06/1956,Guiseppe,Baez,M,25/12/1996
10544,01/02/1962,Ishfaq,Krzyzanowski,F,29/04/1995
10813,04/07/1954,Shalesh,Shumilov,M,27/04/1990
10259,24/11/1964,Susanna,Vesel,M,25/06/1986
10681,25/12/1964,Florina,Garnier,M,25/10/1992
10985,31/05/1952,Chiradeep,Furedi,F,10/12/1990
10562,17/04/1963,Shuky,Pearson,M,06/07/1996
11232,03/09/1955,Hidefumi,Crelier,M,02/02/1988
10327,01/04/1954,Roded,Facello,M,18/09/1987
11477,15/05/1955,Fox,Narahari,M,10/09/1985
10908,27/11/1961,Rajmohan,Koblick,M,08/10/1985
11262,24/12/1962,Bokyung,Melski,M,30/04/1994
11402,09/02/1957,Freyja,Brizzi,M,10/03/1985
10508,02/06/1962,Kotesh,Liedekerke,M,01/05/1991
10497,09/06/1953,Pramod,Rabehasaina,M,22/01/1992
10498,15/09/1964,Valter,Cappelletti,F,01/02/1988
11227,31/01/1956,Dayanand,Figueira,M,08/03/1985
10870,23/07/1956,Shahid,Leppanen,F,13/01/1988
11011,13/06/1956,Moti,Hofstetter,M,06/11/1989
10506,06/10/1958,Kazuhisa,Kroll,F,01/12/1996
10133,12/12/1963,Giri,Isaak,M,15/12/1985
10162,05/10/1957,Florina,Eugenio,M,01/05/1991
11230,28/12/1956,Yakichi,Tzvieli,M,06/12/1990
11948,21/02/1952,Yahiko,Nergos,F,12/01/1990
10311,24/11/1958,Hsiangchu,Molenkamp,F,01/04/1991
11859,31/07/1959,Ipke,Muhlberg,M,01/03/1988
10586,23/06/1954,Kirk,Vuskovic,M,04/02/1992
10223,17/09/1963,Carrsten,Schmiedel,F,18/11/1985
10874,18/01/1958,Mahmut,Borstler,M,22/04/1986
10964,02/04/1962,Takushi,Bolsens,F,11/10/1990
11449,30/03/1955,Kotesh,Asser,M,27/08/1986
11089,18/02/1955,Conal,Henders,F,13/08/1994
11275,18/10/1955,Hitomi,Eppinger,F,26/05/1987
10748,12/04/1964,Yuchang,Francisci,F,14/08/1990
11797,12/08/1954,Chenxi,Thambidurai,M,30/08/1988
11620,24/02/1962,Kwangho,Gadepally,M,16/10/1985
11016,25/05/1957,Sibyl,Rajaraman,M,10/08/1988
10093,11/06/1964,Sailaja,Desikan,M,05/11/1996
11983,04/01/1953,Jaana,Hedayat,X,11/10/1986
11434,14/09/1956,Prodip,Brendel,M,18/10/1992
10065,14/04/1963,Satosi,Awdeh,M,18/05/1988
10337,10/12/1957,Jeong,Sadowsky,M,06/08/1995
10977,19/03/1957,Toong,Murrill,M,10/08/1987
11699,17/12/1958,Fumiya,Desikan,M,20/01/1994
11823,25/09/1954,Weiyi,Iacovou,M,23/10/1995
10753,30/09/1958,Pradeep,Harbusch,F,17/05/1985
10371,10/02/1959,Ioana,Kirkerud,M,28/11/1989
11572,01/06/1957,Vidya,Quittner,M,28/02/1985
10029,13/12/1956,Otmar,Herbst,M,20/11/1985
10430,30/06/1958,Ferdinand,Chenney,M,16/11/1990
11903,02/01/1961,Aiichiro,Vilarrasa,M,09/12/1990
10487,23/08/1956,Perla,Middleton,F,14/08/1992
11177,09/04/1954,Chrisa,dAstous,M,05/04/1998
10958,07/11/1958,Huican,Katalagarianos,M,27/11/1988
11457,06/02/1959,Marl,Vesna,M,10/02/1991
11568,01/12/1955,Martins,Fujisaki,M,28/07/1987
10257,12/09/1957,Aiman,Riexinger,M,05/08/1986
10876,05/08/1955,Vincent,Papastamatiou,F,29/01/1995
10185,05/12/1959,Duro,Sidhu,F,01/03/1986
11272,23/12/1961,Frederique,Molenkamp,M,05/07/1987
11778,23/04/1953,Dhritiman,Fontan,F,28/12/1992
10660,03/01/1964,Jouko,Kolinko,X,12/08/1988
11803,10/12/1957,Arnd,Perko,F,25/03/1993
11918,18/02/1956,Mayuri,Pollacia,F,19/03/1987
10838,19/10/1957,Deniz,Ramras,X,11/04/1990
11414,08/08/1952,Eishiro,Pearson,X,02/01/1989
10452,24/11/1956,Werner,Hasham,M,05/09/1988
10776,27/01/1958,Mahmut,Skafidas,F,16/03/1986
10372,08/04/1952,Anneli,Frijda,F,30/07/1985
11122,12/08/1964,Aleksandar,Randi,F,08/10/1993
11140,30/04/1957,Elgin,Gihr,M,04/07/1993
11499,02/07/1957,Peternela,Chartres,F,08/03/1989
11697,20/12/1957,JoAnne,Merey,F,06/11/1999
10258,12/12/1955,Basil,Ishibashi,X,17/05/1985
10576,23/08/1957,Xiaoqiu,Krychniak,M,17/05/1988
10245,23/08/1962,Ramalingam,Gente,F,26/04/1985
10022,08/07/1952,Shahaf,Famili,M,22/08/1995
10147,13/10/1964,Kazuhito,Encarnacion,W1986-08-21,
11059,26/05/1962,Shawna,Jarecki,F,17/11/1986
11742,15/03/1957,Vasilis,Narwekar,F,12/04/1996
10641,24/12/1953,Guozhong,Zucker,X,21/03/1993
11729,12/04/1957,Xiong,Engberts,M,20/05/1993
10742,13/03/1955,Shim,Wiegley,M,03/01/1991
10530,19/07/1956,Boriana,Coors,F,23/09/1987
11668,23/11/1957,Hiroyasu,Wursthorn,M,30/10/1985
10741,02/01/1954,Sven,Huttel,F,06/01/1989
10591,22/12/1952,Hidde,Hettesheimer,F,18/06/1987
10710,25/12/1962,Sorina,Kermarrec,M,10/01/1992
11747,27/11/1953,Aksel,Kossowski,M,20/02/1986
11767,24/01/1960,Ortrud,Kusakabe,M,24/06/1985
11331,15/10/1959,Kasturi,Fraisse,F,03/03/1987
10703,13/06/1958,Giri,Baumann,F,12/05/1996
11573,18/12/1952,Pranas,Hutton,F,04/02/1990
10873,09/07/1952,Sukumar,Wegerle,M,23/03/1994
10318,27/08/1958,Mototsugu,Beilner,F,29/06/1985
10199,07/04/1959,Kazuhisa,Ranta,M,29/04/1997
11845,28/08/1957,Lein,Validov,F,23/07/1991
11366,15/01/1961,Yinlin,Rajaraman,M,09/02/1993
10678,21/08/1958,Chriss,Gide,F,02/08/1987
11400,28/11/1962,Sverrir,Walstra,M,09/02/1989
10188,13/07/1956,Christ,Muchinsky,F,27/08/1987
11818,08/07/1960,Dmitry,Matteis,M,14/08/1987
11454,07/08/1961,Yolla,Zedlitz,M,02/01/1990
10848,16/07/1954,Fen,Bratsberg,F,20/04/1985
11998,09/04/1958,Conal,Juneja,M,16/12/1991
11810,08/12/1952,Amabile,Bhattacharjee,M,17/03/1987
11136,01/06/1964,Gladys,Luiz,M,04/02/1986
10325,12/01/1953,Arunachalam,Badr,M,20/09/1990
10139,03/03/1963,Ewing,Foong,F,15/03/1998
10218,07/12/1958,Zhenhua,Magalhaes,M,15/01/1997
11216,22/02/1963,Utz,Perng,M,11/06/1991
11506,16/06/1955,Rance,Picel,F,01/07/1986
10194,29/01/1954,Josyula,Hofmeyr,F,15/05/1989
11962,17/03/1959,Niranjan,Erde,F,30/10/1988
10482,17/07/1961,Goa,Pleszkun,F,20/07/1991
10367,24/12/1955,Hyuckchul,Gini,M,24/06/1991
11986,12/01/1963,Reinhard,Azuma,M,06/08/1991
10244,24/10/1961,Foong,Flasterstein,M,23/12/1985
11004,05/08/1954,JoAnna,Decleir,F,19/01/1992
10831,11/10/1953,Toong,Driscoll,X,21/06/1996
10700,30/11/1962,Angel,Mondadori,M,02/04/1987
10625,08/02/1958,Leszek,Petereit,F,31/10/1985
11882,09/09/1960,Zhonghua,Manders,F,18/09/1991
10227,04/07/1957,Anneli,Kaiser,M,24/04/1994
11295,03/02/1953,Abdelkader,Lanzelotte,M,15/05/1985
11952,11/04/1956,Mayuko,Munro,F,19/12/1995
10051,28/07/1953,Hidefumi,Caine,M,15/10/1992
10446,08/02/1960,Ebru,Chepyzhov,X,17/11/1994
10987,26/11/1952,Flemming,Baezner,M,19/12/1995
10038,20/07/1960,Huan,Lortz,M,20/09/1989
10314,04/05/1961,Christfried,Apsitis,X,16/01/1986
10413,05/05/1952,Danel,Impagliazzo,F,26/03/1990
11656,08/01/1963,Aimee,Muniz,F,10/03/1992
10302,11/10/1954,Faiza,Baer,F,22/07/1986
11348,26/04/1962,Vishu,Kroll,F,17/05/1988
10117,24/10/1961,Kiyotoshi,Blokdijk,F,28/05/1990
10176,24/01/1957,Brendon,Lenart,F,22/12/1994
10659,09/12/1956,Dinah,Shackel,F,20/09/1991
11022,02/02/1964,Apostol,Pintelas,F,01/08/1988
10500,29/04/1957,Vojin,Narwekar,M,16/12/1996
11632,15/01/1956,Baoqiu,Bach,X,29/12/1990
10281,13/05/1953,Moty,Kusakari,M,03/12/1994
11332,26/02/1956,Gunilla,Coney,M,27/09/1989
10662,17/10/1959,Arto,Serra,F,28/09/1986
10647,12/01/1960,Tesuro,Bahk,M,28/09/1995
10763,15/04/1962,Giap,Bolsens,M,23/02/1987
11130,17/01/1953,Xinyu,Menhoudj,M,07/06/1993
10966,04/07/1962,Danel,Pardalos,M,07/11/1989
10598,10/11/1957,Margo,Gronowski,M,31/03/1989
11421,07/11/1953,Josyula,Msuda,F,02/09/1986
10917,10/05/1956,Tesuya,Slaats,F,03/12/1987
11994,11/02/1953,Sigeru,Fiebach,Z,11/11/1993
10566,30/01/1958,Jianhui,Zuberek,F,19/03/1988
11407,11/01/1962,Thanasis,Thebaut,M,06/05/1991
11498,21/07/1957,Shigenori,Rabehasaina,M,19/01/1994
11589,10/01/1955,Gina,Plessier,F,23/02/1994
10984,10/11/1962,Pranjal,Billawala,F,09/07/1988
11638,28/04/1964,JoAnne,Falco,M,30/03/1986
11713,27/02/1952,Danel,Heusch,M,04/10/1994
11950,18/03/1959,Horward,Cichocki,F,23/10/1987
11208,29/05/1952,Saniya,Valtorta,F,26/08/1988
10850,01/01/1963,Florina,Schapire,F,22/04/1990
10834,16/12/1954,Huiqun,Rajcani,M,24/11/1990
11347,27/12/1954,Anneli,Jonsson,M,20/04/1986
10450,05/11/1959,Khun,Harbusch,M,17/01/1990
11264,15/03/1964,Uma,Oehlmann,F,09/10/1986
11603,07/12/1954,Herb,Swen,F,13/04/1985
11092,28/09/1954,Narain,Stamatiou,M,30/03/1992
10293,24/11/1956,Mihalis,Avouris,F,12/12/1992
10879,18/08/1953,Muzhong,Chleq,F,15/08/1985
11359,04/07/1958,Subhrajyoti,Jayawardene,F,14/08/1989
11313,21/06/1962,Paraskevi,Kusalik,M,28/02/1986
10286,14/05/1952,Saddek,Gopalakrishnan,F,21/03/1988
11297,19/03/1954,Geraldo,Levergood,M,04/12/1990
11199,14/10/1957,Ortrud,Srimani,F,02/05/1989
11771,08/06/1960,Arvin,Roisin,M,22/11/1988
11976,11/01/1960,Jacqueline,Barvinok,F,08/10/1986
10972,05/10/1961,Fumiko,Asser,F,06/06/1987
10471,30/11/1963,Jouko,Yamaashi,M,18/11/1990
10374,08/10/1955,Willard,Rosin,X,08/12/1993
11991,15/10/1961,Qunsheng,Esteva,M,29/09/1985
10579,17/07/1958,Aiman,Stentiford,M,01/09/1985
11020,18/03/1957,Weiwu,Encarnacion,M,25/03/1988
11926,06/04/1955,Leni,Felcyn,F,18/09/1998
10822,02/08/1956,Masaru,Passino,F,11/01/1986
10509,03/10/1953,Abdelwaheb,Riesenhuber,F,23/02/1990
10592,01/08/1964,Almudena,Alvarado,M,05/06/1990
10353,15/01/1953,Phule,Hammerschmidt,M,24/08/1989
11626,31/01/1958,Shim,Ducloy,M,10/07/1987
11163,17/11/1957,Djenana,Huttel,M,24/02/1993
10448,10/12/1963,Phule,Oxenboll,F,12/03/1992
11885,20/05/1962,Sandeepan,Velasco,M,10/03/1990
10971,08/02/1955,Isamu,Vadhan,M,30/07/1991
10214,14/04/1962,Tadahiko,Ciolek,M,29/02/1988
11388,03/08/1958,Rosine,Gerteisen,M,20/12/1985
11300,14/12/1952,Lillian,Fontet,M,10/09/1992
10574,11/11/1960,Salvador,Olano,F,16/02/1990
10178,13/03/1963,Valery,Litvinov,M,07/10/1986
11782,02/04/1962,Tesuro,Lanzelotte,M,01/02/1991
11487,11/07/1963,Arumugam,Cairo,M,09/07/1993
10317,25/12/1957,Arie,Birge,M,10/12/1986
10670,23/04/1962,Shunichi,McAffer,M,23/03/1988
11307,08/11/1963,Mohd,Dratva,M,24/03/1986
11592,21/09/1956,Hilary,Nishimukai,M,14/12/1991
10983,09/08/1961,Somnath,Parascandalo,F,22/02/1988
10352,28/01/1960,Erzsebet,Ohori,M,21/01/1996
11791,07/11/1955,Gal,Mamelak,F,15/11/1994
11806,26/01/1962,Shan,Leivant,M,02/04/1996
10092,18/10/1964,Valdiodio,Niizuma,F,22/09/1989
11833,03/11/1963,Yolla,Levasseur,F,20/09/1985
10173,28/10/1962,Shrikanth,Mahmud,M,21/03/1992
10954,16/11/1964,Ranga,Burnard,F,07/08/1990
10222,21/09/1962,Tze,Nourani,M,08/06/1986
10410,19/01/1965,Takahito,Gecsei,F,16/10/1993
10368,25/03/1956,Hatim,Koshiba,M,05/04/1991
11052,16/03/1960,Parto,Hitomi,F,11/11/1988
11196,13/05/1958,Gennadi,Breugel,M,17/11/1992
10384,22/08/1956,Feiyu,Luft,M,16/01/1986
10358,08/04/1953,Qunsheng,Tagansky,X,19/02/1991
10312,18/06/1957,Rasiah,Deyuan,F,28/08/1986
10046,23/07/1960,Lucien,Rosenbaum,M,20/06/1992
11153,57-02-01,Honglan,Simmen,M,90-02-13
11689,23/10/1957,Jixiang,Thisen,F,26/12/1986
10704,08/04/1960,Yolla,Kropatsch,M,08/07/1988
11099,12/07/1958,Woody,Spataro,M,31/12/1985
10153,15/12/1955,Heekeun,Majewski,M,08/04/1987
10116,26/08/1955,Dayanand,Czap,F,28/05/1985
10021,20/02/1960,Ramzi,Erde,M,10/02/1988
11319,05/06/1955,Pranas,Marrakchi,F,03/10/1986
11284,25/03/1961,Bernice,Felcyn,M,25/04/1985
10880,11/02/1962,Weiye,Nitsche,M,20/04/1986
11451,05/05/1955,Eben,Rajaraman,M,20/05/1990
10408,17/03/1964,Martijn,Kaiser,M,07/10/1998
10969,05/09/1954,Premal,Noriega,M,22/08/1988
11898,29/10/1964,Jinya,Piveteau,M,24/04/1988
11684,07/03/1953,Oksana,Gide,F,21/02/1986
10855,07/08/1957,Kwangho,Reinhart,M,05/08/1991
10589,25/09/1958,Subbu,Sanella,M,26/01/1994
11127,26/08/1956,Mayumi,Pashtan,M,12/03/1991
10736,09/07/1962,Gurbir,Hellwagner,F,26/09/1991
10068,26/11/1962,Charlene,Brattka,M,07/08/1987
10913,03/09/1952,Narain,Thummel,M,25/06/1992
11467,21/11/1958,Seshu,Bazelow,F,16/06/1947
11063,19/10/1958,Zhenbing,Gente,F,09/01/1996
10836,15/07/1953,Jianhua,Leivant,F,26/07/1985
10631,17/05/1955,Inderjeet,Chaudhuri,M,16/02/1988
11799A,25/03/1964,Duro,Silva,M,03/03/1986
11722,08/08/1957,Atreyi,Sudbeck,X,18/12/1997
11076,15/05/1963,Youssef,Schaad,M,09/10/1992
10952,26/08/1958,Inderjeet,Bharadwaj,M,22/07/1986
10336,16/07/1961,Goa,Rothe,F,07/01/1992
10675,26/03/1960,Ymte,Waschkowski,F,05/11/1991
10858,01/10/1952,Kenroku,Gonthier,M,15/08/1996
11144,07/12/1954,Carrsten,Heinisuo,M,18/11/1993
11077,28/01/1953,Hideyuki,Merro,F,10/10/1995
11046,17/01/1961,Jixiang,Verhaegen,F,21/01/1994
11387,18/07/1954,Jordanka,Kalloufi,M,11/05/1997
10067,07/01/1953,Claudi,Stavenow,M,04/03/1987
10556,31/12/1962,JoAnna,Taubman,F,15/04/1992
10013,07/06/1963,Eberhardt,Terkki,M,20/10/1985
11404,15/09/1954,Bedrich,Borovoy,M,06/03/1987
10411,10/07/1956,Lidong,Klerer,F,02/09/1989
11160,05/08/1956,Anwar,Nivat,F,07/05/1987
11236,27/01/1963,Marek,Orlowska,M,24/03/1994
10467,30/01/1956,Dipayan,Suomi,F,14/07/1988
10291,23/01/1965,Dipayan,Seghrouchni,M,29/09/1986
10192,16/09/1960,Mohua,Falck,M,13/06/1988
10503,17/05/1952,Dannz,Pell,M,30/04/1991
11634,19/02/1961,Turgut,Fraisse,M,25/08/1994
10823,13/06/1956,Arfst,Mikschl,X,02/01/1995
11180,07/11/1952,Mitsuyuki,Bojadziev,F,11/06/1986
11219,20/05/1956,Youpyo,Heuter,M,08/01/1991
11419,19/07/1957,Leaf,Terkki&,M,13/04/1996
10347,03/10/1953,Pradeep,Kaminger,M,12/12/1985
11257,19/06/1958,Weidon,Pews,F,12/12/1986
11107,19/06/1958,Martijn,Meriste,F,02/05/1998
10451,06/10/1952,Bodh,Ranta,F,12/03/1988
11123,21/10/1956,Herb,Cooley,F,28/03/1988
10516,20/02/1960,Xiadong,Luga,M,19/10/1985
10475,19/12/1956,Mario,Rodite,M,19/01/1987
10313,30/05/1962,Subbu,Riexinger,M,10/10/1994
11317,24/07/1954,Shigeaki,Hagimont,X,21/12/1989
11630,21/03/1960,Heekeun,Ballarin,M,15/12/1996
11914,28/04/1957,Kristina,Lovengreen,M,02/06/1988
10863,05/08/1962,Byong,Bhattacharjee,X,25/12/1985
10739,11/02/1961,Gor,Iacovou,F,12/03/1985
11087,17/05/1954,Changho,Jayawardene,M,10/10/1994
11439,29/09/1957,Fei,Wendorf,M,27/07/1995
11552,11/03/1956,Tommaso,Ferretti,M,01/11/1989
11941,01/09/1960,Gaurav,Cyre,X,31/01/1986
10254,07/12/1959,Shen,Brattka,M,14/06/1990
10458,06/01/1961,Gina.Engelmann,F,23/07/1988,
10872,21/02/1952,Karoline,Speel,F,06/09/1990
11922,02/11/1958,Marco,Chachaty,M,01/11/1985
10414,09/04/1954,Yinlin,Alpin,X,30/05/1990
11147,26/09/1955,Ayonca,Nitsch,M,28/01/1992
10041,27/08/1959,Uri,Lenart,F,12/11/1989
10604,24/04/1957,Susanna,Brizzi,M,07/04/1990
11856,18/12/1962,Gao,Alpin,X,14/01/1989
10134,15/04/1953,Diederik,Siprelle,M,12/12/1987
11628,14/02/1952,Fan,Malinowski,M,23/10/1988
11306,01/11/1956,Subhankar,Reeken,X,20/11/1996
10160,18/10/1953,Debatosh,Khasidashvili,M,30/01/1989
11556,20/10/1960,Masasuke,Hashii,M,02/06/1989
11109,05/11/1964,Chinho,Stamatiou,M,29/03/1985
10296,13/05/1964,Petter,Lorho,M,16/09/1989
11817,25/05/1955,Niranjan,Markovitch,M,12/04/1986
10322,28/05/1954,Isamu,Dahlbom,F,29/01/1990
10016,02/05/1961,Kazuhito,Cappelletti,M,27/01/1995
10521,31/07/1957,Kwangsub,Setia,M,11/05/1989
11798,14/08/1964,Kwan,Quaggetto,M,10/12/1987
10684,23/01/1956,Aimee,Tokunaga,F,28/10/1999
11831,23/10/1963,Udaiprakash,Billingsley,M,18/07/1993
11786,12/11/1963,Sarita,Birch,M,14/04/1995
11752,11/11/1964,Bingning,Etalle,M,10/11/1992
10920,08/04/1955,Ronghao,Narahara,M,09/07/1991
10485,20/09/1961,Teruyuki,Sundgren,M,27/10/1985
10206,19/09/1960,Alassane,Iwayama,F,19/04/1988
10921,20/07/1955,Mara,Bahi,F,27/07/1986
10295,13/01/1953,Kristine,Velardi,-,27/08/1990
11397,01/09/1963,Fumiya,Kisuki,F,12/12/1992
11193,13/08/1964,Val,Kumaresan,M,29/04/1989
11377,26/01/1960,Dayanand,Rosti,F,18/10/1991
11066,06/11/1954,Shaz,Langford,M,04/10/1995
11705,26/11/1954,Arve,Hofmeyr,M,30/10/1985
11154,18/12/1957,Adel,Ratnaker,F,30/07/1989
11606,05/11/1952,Perry,Pepe,M,07/01/1994
11745,03/07/1964,Janche,Bahi,F,01/08/1988
10727,16/06/1959,Saeed,Kitai,F,08/01/1991
11190,26/09/1960,Saeko,Mellouli,M,06/03/1992
10208,02/01/1960,Xiping,Klerer,M,23/12/1991
10635,29/10/1960,Toney,Angiulli,F,22/09/1991
11761,17/07/1964,Bartek,Aamodt,M,12/06/1991
11596,22/12/1952,Yannik,Gunderson,F,21/11/1993
10609,02/10/1956,Janche,Zhang,M,03/12/1994
11719,25/04/1960,Claudi,Baez,M,21/05/1985
10381,04/03/1963,Jiong,Parfitt,M,04/12/1991
10113,13/11/1963,Jaewon,Syrzycki,M,24/12/1989
11544,05/09/1964,Elzbieta,Thimonier,F,02/03/1993
11726,18/04/1960,Eldridge,Reghbati,M,29/05/1990
11091,10/10/1952,Souichi,Ramsay,X,21/01/1992
10098,23/09/1961,Sreekrishna,Servieres,F,13/05/1985
10405,20/01/1957,Hilary,Budinsky,F,04/11/1985
10047,29/06/1952,Zvonko,Nyanchama,M,31/03/1989
11019,06/09/1954,Leon,Huttel,M,04/02/1985
11953,23/09/1962,Moheb,Baar,M,17/05/1987
10045,14/08/1957,Moss,Shanbhogue,M,02/09/1989
11522,24/05/1957,Yishay,Peris,M,26/10/1991
10732,22/04/1962,Morris,Andreotta,F,10/03/1991
11683,14/05/1956,Mayumi,Chartres,F,11/02/1990
11637,09/05/1960,Sangeeta,Melton,M,15/04/1987
11703,15/03/1958,Xuedong,Chiodo,M,23/07/1989
10719,26/09/1959,Guenter,Karunanithi,F,05/09/1995
11310,01/02/1961,Jianhua,Swab,M,24/11/1991
10439,09/04/1958,Jolita,Jarecki,M,11/01/1990
10265,01/12/1960,Ramalingam,Muniz,M,13/07/1989
11997,19/06/1954,Heon,Mawatari,F,03/11/1995
11169,02/06/1956,Moss,Serra,M,22/02/1987
10957,06/06/1961,Duke,Schnabel,M,23/01/1988
10481,18/10/1959,Yongmao,Pintelas,F,06/10/1988
10728,17/11/1958,Ugo,Maliniak,F,09/12/1989
10990,22/10/1954,Shin,Foote,M,06/07/1988
10890,13/04/1963,Ramzi,Furudate,M,21/04/1988
11430,23/01/1957,Georgi,Klassen,M,27/02/1996
11353,30/01/1960,Utpal,Berztiss,M,25/08/1986
10860,05/11/1961,Gino,Werthner,M,11/03/1992
11819,14/12/1958,Shigeo,Lampe,F,07/07/1987
11946,21/01/1959,Charlene,Maraist,F,29/05/1992
11015,24/01/1965,Jeanna,Riesenhuber,M,29/05/1992
11641,13/10/1955,Chikako,Rothenberg,M,01/07/1990
11581,12/04/1953,Patricio,Rosenbaum,F,13/11/1992
11001,16/04/1956,Baziley,Buchter,F,23/02/1987
10385,14/05/1963,Khatoun,Imataki,M,20/12/1992
10002,02/06/1964,Bezalel,Simmel,F,21/11/1985
11531,08/09/1952,Radhika,Motley,M,27/02/1990
11996,25/01/1957,Ayakannu,Junot,M,21/01/1994
10049,24/04/1961,Basil,Tramer,F,04/05/1992
11422,03/06/1956,Thanasis,Ghalwash,F,04/12/1990
11924,19/03/1963,Hirochika,Worfolk,M,17/06/1991
10058,01/10/1954,Berhard,McFarlin,M,13/04/1987
11788,11/04/1962,Georgy,Gopalakrishnan,M,03/10/1986
11167,04/01/1957,Morris,Zschoche,F,07/05/1989
10944,25/05/1952,Remko,Zyda,M,24/05/1991
10370,03/08/1957,Clyde,Fandrianto,M,04/04/1992
11009,30/08/1954,Alper,Axelband,F,09/09/1986
10546,20/12/1957,Nechama,Schapiro,M,06/09/1987
10557,23/08/1957,Sashi,Karlin,M,31/03/1986
10859,16/10/1961,King,Bernini,F,03/01/1993
11575,22/02/1955,Godehard,Plotkin,F,19/12/1991
11951,08/05/1955,Bernt,Haumacher,M,14/10/1989
10056,01/09/1961,Brendon,Bernini,F,01/02/1990
10135,23/12/1956,Nathan,Monkewich,M,19/02/1988
10937,11/09/1964,Anyuan,Nanard,M,29/08/1987
11842,31/03/1954,Moto,Pi4zza,M,11/12/1991
10231,21/07/1963,Shaowen,Desikan,F,13/04/1996
11780,04/05/1963,Sugwoo,Sewelson,M,11/09/1987
11629,05/12/1963,Miquel,Muhlberg,M,05/03/1988
10986,11/08/1954,Masako,Schiper,M,11/10/1985
10692,11/08/1960,Larisa,Bage,M,22/03/1993
10799,21/11/1957,Gad,Griswold,F,06/06/1988
11048,26/10/1952,Jaques,Demke,M,26/02/1985
10032,09/08/1960,Jeong,Reistad,F,20/06/1990
11039,04/12/1961,Raimond,Pintelas,F,10/07/1993
10924,27/04/1954,Hironoby,Atchley,F,14/08/1988
10800,15/12/1961,Yuchang,Matzke,M,20/05/1993
11510,12/11/1957,Masamitsu,Wursthorn,M,28/07/1996
11913,07/09/1963,Gil,Pokrovskii,M,17/08/1985
10564,14/04/1955,Jianhao,Thisen,M,08/05/1986
11812,13/10/1956,Taizo,Merey,M,30/09/1987
10249,10/06/1954,Marie,Boreale,M,08/12/1991
11967,21/06/1959,Guoxiang,Chinin,M,28/10/1989
11696,26/10/1954,Dante,Rothe,M,23/10/1985
10402,23/07/1953,Volkmar,Ebeling,M,02/01/1987
11505,15/11/1963,Shietung,Billingsley,M,22/12/1988
11343,10/09/1954,Susanne,Erez,M,27/02/1989
11268,14/05/1954,Aimee,Petersohn,F,17/05/1985
11560,22/01/1957,Terresa,Birta,X,07/02/1989
11673,20/12/1954,Henk,Felder,F,13/10/1988
11678,27/03/1957,Zhaofang,Bernick,M,24/02/1985
11256,06/06/1960,Gudjon,Ratzlaff,M,25/09/1986
10536,29/10/1964,Yechiam,Sambasivam,F,25/03/1988
10457,10/11/1963,Oddvar,Schlenzig,M,23/11/1991
11518,21/07/1953,Jinxi,Oxman,M,03/07/1985
10035,08/02/1953,Alain,Chappelet,M,05/09/1988
11029,12/07/1962,Georgi,Itzfeldt,X,27/12/1992
11961,01/10/1957,Sumant,Birdsall,F,26/06/1997
10878,13/06/1952,Lakshmi,Deville,X,25/02/1988
10279,20/08/1964,Barton,Jumpertz,F,20/12/1994
10655,02/02/1959,Remko,Dalton,F,14/07/1985
10593,24/07/1952,Falguni,Kenevan,M,12/09/1990
11326,15/09/1952,Munenori,Plesums,F,19/02/1990
10612,01/01/1959,Gil,Peroz,M,02/09/1991
11612,15/01/1962,Siamak,Baar,F,10/12/1990
11533,30/10/1953,Vitaly,Lorch,M,20/08/1991
11712,17/07/1961,Mohua,Lyonns,M,06/11/1992
11792,27/10/1959,Gina,Aumann,X,29/05/1987
10790,01/04/1962,Yurij,Schonegge,M,03/07/1990
10665,28/07/1964,Qingxiang,Snyers,M,23/01/1988
11855,15/07/1960,Hilari,Janetzko,F,24/12/1991
10242,22/02/1964,Lunjin,Ozeri,M,18/01/1988
10416,26/05/1956,Uli,Keustermans,M,24/03/1989
10786,19/05/1964,Patricia,dAstous,M,14/03/1989
10362,16/09/1963,Shalesh,dAstous,M,24/08/1988
10081,17/12/1960,Zhongwei,Rosen,M,30/10/1986
11604,11/07/1962,Deborah,Baar,M,11/12/1990
10212,09/05/1959,Divier,Esteva,M,11/07/1990
10802,27/10/1960,Masato,Setlzner,M,24/08/1985
10335,13/03/1963,Toshimori,Bahi,F,06/04/1992
11120,15/12/1961,Masato,Curless,F,22/01/1988
11876,17/09/1954,Leszek,Kobuchi,M,08/06/1991
11578,22/12/1953,Edwin,Rosti,F,22/11/1985
10496,18/04/1959,Gretta,Baig,M,26/02/1987
11821,18/10/1954,Mary,Piazza,F,13/12/1995
10682,04/07/1956,Bedir,Haumacher,M,09/11/1990
11965,03/12/1954,Arup,Morrey,M,20/03/1990
11341,13/07/1962,Heng,Ranka,M,22/03/1989
10425,24/10/1963,Sashi,Osgood,M,29/10/1991
10529,21/11/1952,Ymte,Yetto,M,05/01/1992
11538,29/09/1958,Dekang,Bage,X,24/03/1987
10513,07/07/1959,Yuichiro,Schicker,F,02/04/1991
10644,22/02/1962,Pranas,Benaini,M,29/05/1985
11291,01/11/1953,Gino,Glowinski,M,20/10/1985
11587,04/07/1954,Shem,Zambonelli,M,24/04/1989
10330,02/02/1957,Kasturi,Bellmore,M,12/06/1985
11222,01/09/1956,Yishai,Neimat,M,11/11/1988
10459,30/09/1959,Ennio,Trogemann,M,28/06/1997
11790,12/06/1960,Huai,Henseler,F,09/03/1988
11647,13/10/1953,Magy,Nitsche,M,11/05/1988
11033,01/03/1957,Shushma,Bahk,F,02/10/1990
11737,17/07/1952,Martina,Garnier,M,11/07/1995
10929,26/10/1958,Sumali,Arlazarov,M,15/04/1991
11082,26/07/1962,Deniz,Fontan,M,01/12/1992
10787,10/07/1958,Shiv,Neimat,X,16/04/1991
11964,07/01/1962,Tzu,Norsworthy,F,25/09/1994
10406,21/09/1956,Sigeru,Wynblatt,F,11/03/1987
11411,06/04/1962,Shigehito,Giaccio,F,17/05/1992
11071,18/07/1954,Kwan,Sigstam,F,23/05/1992
10202,05/01/1956,Greger,Lichtner,M,06/10/1991
10287,28/11/1963,Marie,Pietracaprina,M,28/12/1992
10980,10/11/1963,Filipp,Munawer,G,04/01/1989
11308,23/02/1958,Tadahiro,Tibblin,F,07/08/1986
11200,05/06/1964,Renny,Junet,F,28/06/1988
10121,14/07/1962,Guoxiang,Ramsay,M,03/05/1989
11566,07/10/1964,Martina,Quittner,M,08/04/1989
11038,13/10/1955,Jinya,Beidas,M,15/07/1985
10350,14/11/1954,Kristen,Kavvadias,F,19/08/1990
11735,19/02/1955,Amalendu,Picci,M,14/07/1988
11031,20/12/1954,Ottavia,Walstra,M,26/04/1985
11937,30/12/1961,Zissis,Baba,M,19/04/1996
11920,15/01/1960,Kasturi,Chinal,F,24/12/1985
11987,29/12/1954,Vidya,Schaar,F,17/10/1988
11489,12/11/1962,Sandeepan,Yeung,M,13/01/1988
11277,17/09/1961,Munehiro,Ritcey,M,18/01/1990
11517,27/05/1961,Hatem,Raczkowsky,F,09/10/1986
11917,26/03/1955,Jiakeng,VanScheik,F,10/09/1995
10685,14/01/1959,Zongyan,Cusworth,M,24/04/1990
10531,11/06/1954,Oguz,Gimbel,F,20/02/1991
11943,17/06/1957,Ramalingam,Chachaty,F,26/01/1992
11267,18/10/1955,Shaunak,Zaumen,M,14/06/1989
10914,26/04/1956,Mizuhito,Prochazka,M,24/03/1998
10130,27/04/1955,Nishit,Casperson,M,21/06/1988
10088,25/02/1954,Jungsoon,Syrzycki,F,02/09/1988
11650,16/11/1959,Arra,Luiz,M,13/01/1994
10298,06/07/1954,Dietrich,DuCasse,F,30/03/1999
11334,13/08/1961,Yurij,Vural,M,12/10/1986
10392,17/02/1962,Jiann,Hainaut,M,01/03/1992
11184,01/04/1958,Masoud,Theuretzbacher,M,27/04/1985
11704,09/11/1964,Naftali,Baalen,M,27/02/1992
11640,06/10/1953,Valeri,Coorg,M,18/01/1987
11832,18/05/1952,Arto,Zlotek,M,16/10/1986
10196,27/01/1954,Marc,Hellwagner,M,16/11/1994
11246,16/11/1964,Maik,Reinhart,M,14/01/1992
11008,11/07/1962,Gennady,Menhoudj,M,18/09/1988
10730,22/07/1962,Mohit,Janetzko,X,24/11/1988
10846,27/06/1952,Tokuyasu,Serre,M,26/01/1994
10673,26/12/1959,Hyuckchul,Casperson,M,01/03/1990
11847,05/03/1954,Tzvetan,Brandsma,F,13/01/1996
11368,31/07/1959,Gino,Bail,M,06/01/1992
10233,01/04/1954,Lein,Vendrig,F,05/07/1985
10629,23/03/1954,Lalit,Francisci,F,30/01/1986
10759,12/04/1956,JiYoung,Chenney,M,04/12/1991
